Username,URL,Nichos,Ubicaciones,Veces Encontrado,calificado?
barilochecabanasdelbosque,https://www.instagram.com/barilochecabanasdelbosque/,cabañas,Bariloche,2,
cabanaspailahue,https://www.instagram.com/cabanaspailahue/,cabañas,Bariloche,2,
del.trebol,https://www.instagram.com/del.trebol/,cabañas,Bariloche,2,
cabanaspuertomorenobrc,https://www.instagram.com/cabanaspuertomorenobrc/,cabañas,Bariloche,2,
terrazasdelcampanario,https://www.instagram.com/terrazasdelcampanario/,cabañas,Bariloche,2,
alohabariloche,https://www.instagram.com/alohabariloche/,cabañas,Bariloche,2,
puerto.serena.bariloche,https://www.instagram.com/puerto.serena.bariloche/,cabañas,Bariloche,2,
cabaniaslajosefina,https://www.instagram.com/cabaniaslajosefina/,cabañas,Bariloche,2,
villa_labrador_bariloche,https://www.instagram.com/villa_labrador_bariloche/,cabañas,Bariloche,2,
huinapatagonia,https://www.instagram.com/huinapatagonia/,cabañas,Bariloche,2,
patagoniaynieve,https://www.instagram.com/patagoniaynieve/,cabañas,Bariloche,2,
cumelenbariloche,https://www.instagram.com/cumelenbariloche/,cabañas,Bariloche,2,
apartsol,https://www.instagram.com/apartsol/,cabañas,Bariloche,2,
layeya.bariloche,https://www.instagram.com/layeya.bariloche/,cabañas,Bariloche,2,
puerto.pireo,https://www.instagram.com/puerto.pireo/,cabañas,Bariloche,2,
clarodelbosquebariloche,https://www.instagram.com/clarodelbosquebariloche/,cabañas,Bariloche,2,
orilla.del.dragon,https://www.instagram.com/orilla.del.dragon/,cabañas,Bariloche,2,
cabanasdelamanecer,https://www.instagram.com/cabanasdelamanecer/,cabañas,Bariloche,2,
tierra_surena,https://www.instagram.com/tierra_surena/,cabañas,Bariloche,2,
vacaciones_en_bariloche,https://www.instagram.com/vacaciones_en_bariloche/,cabañas,Bariloche,2,
barilochelafarola,https://www.instagram.com/barilochelafarola/,cabañas,Bariloche,2,
bariloche.caviahue,https://www.instagram.com/bariloche.caviahue/,cabañas,Bariloche,2,
complejolunadelago,https://www.instagram.com/complejolunadelago/,cabañas,Bariloche,2,
alihuenbrc,https://www.instagram.com/alihuenbrc/,cabañas,Bariloche,2,
alquilerhuillin,https://www.instagram.com/alquilerhuillin/,"cabañas, complejo turistico",Bariloche,4,
cabanascolours,https://www.instagram.com/cabanascolours/,cabañas,Bariloche,1,
complejo_de_mey,https://www.instagram.com/complejo_de_mey/,cabañas,Bariloche,1,
losmanzanosbariloche,https://www.instagram.com/losmanzanosbariloche/,cabañas,Bariloche,2,
4estacionesbrc,https://www.instagram.com/4estacionesbrc/,complejo turistico,Bariloche,2,
raicespatagonicas_,https://www.instagram.com/raicespatagonicas_/,complejo turistico,Bariloche,2,
doschimeneas,https://www.instagram.com/doschimeneas/,complejo turistico,Bariloche,2,
namaste___bariloche,https://www.instagram.com/namaste___bariloche/,complejo turistico,Bariloche,2,
bosquedelnahuel,https://www.instagram.com/bosquedelnahuel/,hotel boutique,Bariloche,2,
tierragauchahotelboutique,https://www.instagram.com/tierragauchahotelboutique/,hotel boutique,Bariloche,2,
lumaboutiquehotel,https://www.instagram.com/lumaboutiquehotel/,hotel boutique,Bariloche,2,
selvaindiaboutique,https://www.instagram.com/selvaindiaboutique/,hotel boutique,Bariloche,2,
lamiralejos,https://www.instagram.com/lamiralejos/,hotel boutique,Bariloche,2,
monasteriohotelboutique,https://www.instagram.com/monasteriohotelboutique/,hotel boutique,Bariloche,2,
hotelsoldelnahuel.bariloche,https://www.instagram.com/hotelsoldelnahuel.bariloche/,hotel boutique,Bariloche,2,
riomansocamp,https://www.instagram.com/riomansocamp/,glamping,Bariloche,2,
lahuellaglamping,https://www.instagram.com/lahuellaglamping/,glamping,Bariloche,2,
patagoniaglampingco,https://www.instagram.com/patagoniaglampingco/,glamping,Bariloche,4,
bariloche_jr,https://www.instagram.com/bariloche_jr/,glamping,Bariloche,2,
glampingvulcanche,https://www.instagram.com/glampingvulcanche/,glamping,Bariloche,2,
las.carpitas,https://www.instagram.com/las.carpitas/,glamping,Bariloche,1,
llaollaohotel,https://www.instagram.com/llaollaohotel/,glamping,Bariloche,1,
puertopiedrasblancas,https://www.instagram.com/puertopiedrasblancas/,glamping,Bariloche,1,
apartquetzal,https://www.instagram.com/apartquetzal/,alquiler turistico,Villa Carlos Paz,1,
complejolosalamos,https://www.instagram.com/complejolosalamos/,"cabañas, complejo turistico",Villa Carlos Paz,5,si
complejosol,https://www.instagram.com/complejosol/,cabañas,Villa Carlos Paz,2,si
amarelacabanias_carlospaz,https://www.instagram.com/amarelacabanias_carlospaz/,cabañas,Villa Carlos Paz,2,si
elfogondelosamigos.ok,https://www.instagram.com/elfogondelosamigos.ok/,cabañas,Villa Carlos Paz,2,no
cabanasnazareth,https://www.instagram.com/cabanasnazareth/,cabañas,Villa Carlos Paz,2,no
postaldelavillavcp,https://www.instagram.com/postaldelavillavcp/,cabañas,Villa Carlos Paz,2,si
cabanascyc.carlospaz,https://www.instagram.com/cabanascyc.carlospaz/,cabañas,Villa Carlos Paz,2,si
lacomarcacarlospaz,https://www.instagram.com/lacomarcacarlospaz/,cabañas,Villa Carlos Paz,2,no
cw.vacaciones,https://www.instagram.com/cw.vacaciones/,cabañas,Villa Carlos Paz,2,no
paititicarlospaz,https://www.instagram.com/paititicarlospaz/,cabañas,Villa Carlos Paz,2,no
cabanaspiedralago.vcp,https://www.instagram.com/cabanaspiedralago.vcp/,cabañas,Villa Carlos Paz,2,no
cabana_57,https://www.instagram.com/cabana_57/,cabañas,Villa Carlos Paz,2,si
cabanaselretirovcp,https://www.instagram.com/cabanaselretirovcp/,cabañas,Villa Carlos Paz,2,si
complejoaguaribay,https://www.instagram.com/complejoaguaribay/,cabañas,Villa Carlos Paz,2,
elnogalc,https://www.instagram.com/elnogalc/,cabañas,Villa Carlos Paz,2,si
vistaencantada.cordoba,https://www.instagram.com/vistaencantada.cordoba/,cabañas,Villa Carlos Paz,2,si
coty.ranch_carlospaz,https://www.instagram.com/coty.ranch_carlospaz/,cabañas,Villa Carlos Paz,2,si
complejo.capri,https://www.instagram.com/complejo.capri/,cabañas,Villa Carlos Paz,2,no
laaldea.carlospaz,https://www.instagram.com/laaldea.carlospaz/,cabañas,Villa Carlos Paz,2,no
complejomisueno,https://www.instagram.com/complejomisueno/,cabañas,Villa Carlos Paz,2,si
altosdelavilla,https://www.instagram.com/altosdelavilla/,cabañas,Villa Carlos Paz,1,si
cabanas_lalinda,https://www.instagram.com/cabanas_lalinda/,cabañas,Villa Carlos Paz,1,si
doncarlosvcp,https://www.instagram.com/doncarlosvcp/,cabañas,Villa Carlos Paz,2,si
losaltosapparts,https://www.instagram.com/losaltosapparts/,cabañas,Villa Carlos Paz,2,si
complejo_los_espinillos,https://www.instagram.com/complejo_los_espinillos/,cabañas,Villa Carlos Paz,2,si
alquiler.carlospaz,https://www.instagram.com/alquiler.carlospaz/,cabañas,Villa Carlos Paz,2,si
losnogales.vcp,https://www.instagram.com/losnogales.vcp/,cabañas,Villa Carlos Paz,2,si
cabanaslauquenvcp,https://www.instagram.com/cabanaslauquenvcp/,cabañas,Villa Carlos Paz,2,si
ticamasu,https://www.instagram.com/ticamasu/,cabañas,Villa Carlos Paz,2,si
cabaniasdelavilla,https://www.instagram.com/cabaniasdelavilla/,cabañas,Villa Carlos Paz,1,no
shangrilacomplejo,https://www.instagram.com/shangrilacomplejo/,cabañas,Villa Carlos Paz,1,no
complejo.piedrasnegras,https://www.instagram.com/complejo.piedrasnegras/,cabañas,Villa Carlos Paz,1,si
cabaniascotita,https://www.instagram.com/cabaniascotita/,cabañas,Villa Carlos Paz,2,no
complejopaloblanco,https://www.instagram.com/complejopaloblanco/,complejo turistico,Villa Carlos Paz,2,si
villabeba.vcp,https://www.instagram.com/villabeba.vcp/,complejo turistico,Villa Carlos Paz,2,si
pueblosonadovcp,https://www.instagram.com/pueblosonadovcp/,complejo turistico,Villa Carlos Paz,2,si
turismocordoba_lasjuanitas,https://www.instagram.com/turismocordoba_lasjuanitas/,complejo turistico,Villa Carlos Paz,4,si
complejo.roccatini,https://www.instagram.com/complejo.roccatini/,complejo turistico,Villa Carlos Paz,1,si
moradillo_apart,https://www.instagram.com/moradillo_apart/,complejo turistico,Villa Carlos Paz,2,no
duplexdelsolvcp,https://www.instagram.com/duplexdelsolvcp/,complejo turistico,Villa Carlos Paz,2,si
complejocercadelrio,https://www.instagram.com/complejocercadelrio/,complejo turistico,Villa Carlos Paz,2,si
complejoluluara,https://www.instagram.com/complejoluluara/,complejo turistico,Villa Carlos Paz,1,si
complejounsleben,https://www.instagram.com/complejounsleben/,complejo turistico,Villa Carlos Paz,2,si
terrafirma.ar,https://www.instagram.com/terrafirma.ar/,"hotel boutique, glamping",Villa Carlos Paz,3,si
hotelelparaisovcp,https://www.instagram.com/hotelelparaisovcp/,hotel boutique,Villa Carlos Paz,1,no
hotelcasaalta.vcp,https://www.instagram.com/hotelcasaalta.vcp/,hotel boutique,Villa Carlos Paz,1,no
novahotel.boutique,https://www.instagram.com/novahotel.boutique/,hotel boutique,Villa Carlos Paz,1,si
lakehousehotelysuites,https://www.instagram.com/lakehousehotelysuites/,hotel boutique,Villa Carlos Paz,1,si
hoteltagore,https://www.instagram.com/hoteltagore/,hotel boutique,Villa Carlos Paz,1,no
tica.nativo,https://www.instagram.com/tica.nativo/,glamping,Villa Carlos Paz,3,si
pinar.camping,https://www.instagram.com/pinar.camping/,glamping,Villa Carlos Paz,1,no
domoschaja,https://www.instagram.com/domoschaja/,glamping,Villa Carlos Paz,1,no
alquilerdepartamentosmendoza,https://www.instagram.com/alquilerdepartamentosmendoza/,alquiler turistico,Mendoza,2,no
alojamiento_centroycordillera,https://www.instagram.com/alojamiento_centroycordillera/,alquiler turistico,Mendoza,2,si
complejoabaurrea,https://www.instagram.com/complejoabaurrea/,alquiler turistico,Mendoza,2,no
adela_temporarios_mza,https://www.instagram.com/adela_temporarios_mza/,alquiler turistico,Mendoza,2,si
posadalosranchos,https://www.instagram.com/posadalosranchos/,alquiler turistico,Mendoza,2,no
alojamientoenloalto,https://www.instagram.com/alojamientoenloalto/,cabañas,Mendoza,1,si
waikiri.potrerillos,https://www.instagram.com/waikiri.potrerillos/,cabañas,Mendoza,1,si
cabanasdelmeson,https://www.instagram.com/cabanasdelmeson/,cabañas,Mendoza,1,si
cabanasrenacerlunlunta,https://www.instagram.com/cabanasrenacerlunlunta/,cabañas,Mendoza,1,si
cabanasdelcerro,https://www.instagram.com/cabanasdelcerro/,cabañas,"Mendoza, San Rafael",3,no
elchallao,https://www.instagram.com/elchallao/,cabañas,Mendoza,1,no
vistacalmapotrerillos,https://www.instagram.com/vistacalmapotrerillos/,cabañas,Mendoza,1,no
hostaldelosandes.mza,https://www.instagram.com/hostaldelosandes.mza/,cabañas,Mendoza,1,no
cabanas.aventurados,https://www.instagram.com/cabanas.aventurados/,cabañas,Mendoza,1,si
cabanassolitudine,https://www.instagram.com/cabanassolitudine/,cabañas,Mendoza,1,no
rincondecacheuta,https://www.instagram.com/rincondecacheuta/,cabañas,Mendoza,1,no
laescondidasanrafael,https://www.instagram.com/laescondidasanrafael/,cabañas,"Mendoza, San Rafael",3,no
cabanasdelsolsr,https://www.instagram.com/cabanasdelsolsr/,cabañas,"Mendoza, San Rafael",3,no
cabanas.potrerillos,https://www.instagram.com/cabanas.potrerillos/,cabañas,Mendoza,1,si
cabanasriomendoza,https://www.instagram.com/cabanasriomendoza/,cabañas,Mendoza,1,no
cabanas_ladominga,https://www.instagram.com/cabanas_ladominga/,cabañas,Mendoza,1,si
aire_de_compuertas,https://www.instagram.com/aire_de_compuertas/,cabañas,Mendoza,1,si
cabanaslosvinedos,https://www.instagram.com/cabanaslosvinedos/,cabañas,Mendoza,1,si
cabanas_leon,https://www.instagram.com/cabanas_leon/,cabañas,Mendoza,1,si
complejoturisticolostroncos,https://www.instagram.com/complejoturisticolostroncos/,"cabañas, complejo turistico","Mendoza, San Rafael",7,no
cabanasbalcondelrio,https://www.instagram.com/cabanasbalcondelrio/,cabañas,Mendoza,1,si
cabdelacosta,https://www.instagram.com/cabdelacosta/,cabañas,Mendoza,1,si
mendozasolynieve,https://www.instagram.com/mendozasolynieve/,cabañas,Mendoza,1,no
cabanasdelpasaje,https://www.instagram.com/cabanasdelpasaje/,cabañas,Mendoza,1,si
terralta_campingyminicabanas,https://www.instagram.com/terralta_campingyminicabanas/,cabañas,Mendoza,1,no
cabanaslaureanoaj,https://www.instagram.com/cabanaslaureanoaj/,cabañas,Mendoza,1,si
glamping_mza,https://www.instagram.com/glamping_mza/,"cabañas, glamping",Mendoza,2,no
cerro_encantado,https://www.instagram.com/cerro_encantado/,cabañas,"Mendoza, San Rafael",3,si
elsueno_mendoza,https://www.instagram.com/elsueno_mendoza/,cabañas,Mendoza,2,si
odellavallecitos,https://www.instagram.com/odellavallecitos/,cabañas,Mendoza,2,no
cumelenmendoza,https://www.instagram.com/cumelenmendoza/,cabañas,Mendoza,2,no
cabanassumampa,https://www.instagram.com/cabanassumampa/,cabañas,Mendoza,2,no
cabanas.del.este,https://www.instagram.com/cabanas.del.este/,cabañas,Mendoza,2,si
mendiko_cabanas,https://www.instagram.com/mendiko_cabanas/,cabañas,Mendoza,2,si
cablacosecha,https://www.instagram.com/cablacosecha/,cabañas,Mendoza,2,no
cabanas.la.rustica,https://www.instagram.com/cabanas.la.rustica/,cabañas,Mendoza,2,si
cabanasfalcon,https://www.instagram.com/cabanasfalcon/,cabañas,Mendoza,1,si
lasretamasmza,https://www.instagram.com/lasretamasmza/,cabañas,Mendoza,1,no
domos.uspallata,https://www.instagram.com/domos.uspallata/,"cabañas, glamping",Mendoza,4,no
complejomendoza,https://www.instagram.com/complejomendoza/,complejo turistico,Mendoza,12,si
complejo_cruz.mendoza,https://www.instagram.com/complejo_cruz.mendoza/,complejo turistico,Mendoza,4,si
complejolosmolles,https://www.instagram.com/complejolosmolles/,complejo turistico,Mendoza,2,si
complejoturisticopuelches,https://www.instagram.com/complejoturisticopuelches/,complejo turistico,"Mendoza, San Rafael",4,si
rutadelvinomza,https://www.instagram.com/rutadelvinomza/,complejo turistico,Mendoza,2,no
hotelboutique.lamaria,https://www.instagram.com/hotelboutique.lamaria/,hotel boutique,Mendoza,2,no
abrilhotelok,https://www.instagram.com/abrilhotelok/,hotel boutique,Mendoza,3,no
villaggiohotelboutique,https://www.instagram.com/villaggiohotelboutique/,hotel boutique,Mendoza,2,no
bohemiahotelboutique,https://www.instagram.com/bohemiahotelboutique/,hotel boutique,Mendoza,2,no
casalagaleana,https://www.instagram.com/casalagaleana/,hotel boutique,Mendoza,2,si
finca_el_maiten,https://www.instagram.com/finca_el_maiten/,hotel boutique,"Mendoza, San Rafael",4,no
kitekhotelboutique,https://www.instagram.com/kitekhotelboutique/,hotel boutique,Mendoza,2,si
delosandes.hotelmza,https://www.instagram.com/delosandes.hotelmza/,hotel boutique,Mendoza,2,no
lamasiamendoza,https://www.instagram.com/lamasiamendoza/,hotel boutique,Mendoza,2,no
villamansah,https://www.instagram.com/villamansah/,hotel boutique,Mendoza,2,no
laresdechacrashotel,https://www.instagram.com/laresdechacrashotel/,hotel boutique,Mendoza,2,no
posadaelencuentromdz,https://www.instagram.com/posadaelencuentromdz/,hotel boutique,Mendoza,2,no
heura.petit.hotel,https://www.instagram.com/heura.petit.hotel/,hotel boutique,Mendoza,2,no
hotelboutiquemendoza,https://www.instagram.com/hotelboutiquemendoza/,hotel boutique,Mendoza,1,no
vista.pedra.glamping,https://www.instagram.com/vista.pedra.glamping/,glamping,Mendoza,2,si
denmoza.ecolodge,https://www.instagram.com/denmoza.ecolodge/,glamping,Mendoza,2,no
gloriagalvagnoestate,https://www.instagram.com/gloriagalvagnoestate/,glamping,Mendoza,2,si
deer_glamping,https://www.instagram.com/deer_glamping/,glamping,Mendoza,2,si
sabaticoglamping,https://www.instagram.com/sabaticoglamping/,glamping,Mendoza,2,no
terruniodomosmza,https://www.instagram.com/terruniodomosmza/,glamping,Mendoza,2,si
elnidodomos,https://www.instagram.com/elnidodomos/,glamping,Mendoza,2,no
destinosanrafael,https://www.instagram.com/destinosanrafael/,alquiler turistico,San Rafael,2,si
complejocolorina,https://www.instagram.com/complejocolorina/,alquiler turistico,San Rafael,2,no
departamentos_lao_sanrafael,https://www.instagram.com/departamentos_lao_sanrafael/,alquiler turistico,San Rafael,2,si
buenastierrascabanas,https://www.instagram.com/buenastierrascabanas/,"alquiler turistico, cabañas",San Rafael,4,si
departamento_hilario,https://www.instagram.com/departamento_hilario/,alquiler turistico,San Rafael,1,si
airesdemar.mdz,https://www.instagram.com/airesdemar.mdz/,alquiler turistico,San Rafael,1,si
finca_el_colibri,https://www.instagram.com/finca_el_colibri/,alquiler turistico,San Rafael,2,si
cab.lasescondidas,https://www.instagram.com/cab.lasescondidas/,cabañas,San Rafael,2,no
lavitaebellacabanas,https://www.instagram.com/lavitaebellacabanas/,"cabañas, complejo turistico",San Rafael,4,no
complejovientoandino,https://www.instagram.com/complejovientoandino/,cabañas,San Rafael,2,no
aldea_encantada,https://www.instagram.com/aldea_encantada/,cabañas,San Rafael,2,no
riosoniado,https://www.instagram.com/riosoniado/,cabañas,San Rafael,2,no
cabanaslafincamultiespacio,https://www.instagram.com/cabanaslafincamultiespacio/,"cabañas, complejo turistico",San Rafael,4,no
cabanascalderon,https://www.instagram.com/cabanascalderon/,cabañas,San Rafael,2,no
bosquedivino1,https://www.instagram.com/bosquedivino1/,cabañas,San Rafael,2,no
elparaiso_delvalle,https://www.instagram.com/elparaiso_delvalle/,cabañas,San Rafael,2,no
lafaustina_sanrafael,https://www.instagram.com/lafaustina_sanrafael/,cabañas,San Rafael,2,no
cabanas_lasmarias,https://www.instagram.com/cabanas_lasmarias/,cabañas,San Rafael,2,no
complejorincondelsur,https://www.instagram.com/complejorincondelsur/,cabañas,San Rafael,2,no
cabanas_san_rafael,https://www.instagram.com/cabanas_san_rafael/,cabañas,San Rafael,2,si
villasantaclaradelatuel,https://www.instagram.com/villasantaclaradelatuel/,cabañas,San Rafael,2,no
sanjosedelatuel,https://www.instagram.com/sanjosedelatuel/,cabañas,San Rafael,2,si
rioazulvallegrande,https://www.instagram.com/rioazulvallegrande/,cabañas,San Rafael,2,no
cabanaselvalle,https://www.instagram.com/cabanaselvalle/,cabañas,San Rafael,2,no
cabaniassanrafael,https://www.instagram.com/cabaniassanrafael/,cabañas,San Rafael,2,si
cabanas_del_sur,https://www.instagram.com/cabanas_del_sur/,cabañas,San Rafael,2,no
hotelvallegrandeoficial,https://www.instagram.com/hotelvallegrandeoficial/,cabañas,San Rafael,2,no
cabanas_la_horqueta,https://www.instagram.com/cabanas_la_horqueta/,cabañas,San Rafael,2,no
posadasdelangelvallegrande,https://www.instagram.com/posadasdelangelvallegrande/,cabañas,San Rafael,1,no
suenosdelvalle_,https://www.instagram.com/suenosdelvalle_/,cabañas,San Rafael,1,si
loschalecitosok,https://www.instagram.com/loschalecitosok/,cabañas,San Rafael,2,no
araucaria.resort,https://www.instagram.com/araucaria.resort/,cabañas,San Rafael,2,no
cabanasalamoblanco_sanrafael,https://www.instagram.com/cabanasalamoblanco_sanrafael/,cabañas,San Rafael,2,si
elitasanrafael,https://www.instagram.com/elitasanrafael/,cabañas,San Rafael,1,si
villadelujan.sr,https://www.instagram.com/villadelujan.sr/,"cabañas, complejo turistico",San Rafael,3,si
complejo_mariaflorales,https://www.instagram.com/complejo_mariaflorales/,"cabañas, complejo turistico",San Rafael,3,no
cabanasdelmontanes,https://www.instagram.com/cabanasdelmontanes/,cabañas,San Rafael,2,no
complejosanrafael_,https://www.instagram.com/complejosanrafael_/,cabañas,San Rafael,2,si
complejoturistico.sanrafael,https://www.instagram.com/complejoturistico.sanrafael/,complejo turistico,San Rafael,2,si
abraham_complejo_turistico,https://www.instagram.com/abraham_complejo_turistico/,complejo turistico,San Rafael,2,si
complejo_derqui,https://www.instagram.com/complejo_derqui/,complejo turistico,San Rafael,1,no
lasvelascomplejo,https://www.instagram.com/lasvelascomplejo/,complejo turistico,San Rafael,2,no
complejocableatierra,https://www.instagram.com/complejocableatierra/,complejo turistico,San Rafael,2,si
suenosdeestacion,https://www.instagram.com/suenosdeestacion/,complejo turistico,San Rafael,2,si
complejoturisticodelboulevard,https://www.instagram.com/complejoturisticodelboulevard/,complejo turistico,San Rafael,2,si
complejo_lasmargaritas,https://www.instagram.com/complejo_lasmargaritas/,complejo turistico,San Rafael,2,si
la.aguada.hotelboutique,https://www.instagram.com/la.aguada.hotelboutique/,hotel boutique,San Rafael,2,no
hotelboutiquesanrafael,https://www.instagram.com/hotelboutiquesanrafael/,hotel boutique,San Rafael,2,no
tierramora.hotelboutique,https://www.instagram.com/tierramora.hotelboutique/,hotel boutique,San Rafael,2,no
posadalacaballeriza,https://www.instagram.com/posadalacaballeriza/,hotel boutique,San Rafael,2,no
lamateraposadadecampo,https://www.instagram.com/lamateraposadadecampo/,hotel boutique,San Rafael,2,no
suter.petit.hotel,https://www.instagram.com/suter.petit.hotel/,hotel boutique,San Rafael,2,no
casasanrafaelhotel,https://www.instagram.com/casasanrafaelhotel/,hotel boutique,San Rafael,1,no
glampingsanrafael_lacumbre,https://www.instagram.com/glampingsanrafael_lacumbre/,glamping,San Rafael,2,si
casapiedrasanrafael,https://www.instagram.com/casapiedrasanrafael/,glamping,San Rafael,2,si
more_glamping1,https://www.instagram.com/more_glamping1/,glamping,San Rafael,2,si
ecohotelriodeoro,https://www.instagram.com/ecohotelriodeoro/,glamping,San Rafael,2,no
al_aire_libre_san_rafael,https://www.instagram.com/al_aire_libre_san_rafael/,glamping,San Rafael,2,si
glamping_san_martin,https://www.instagram.com/glamping_san_martin/,glamping,San Rafael,1,no
glamping_yamay,https://www.instagram.com/glamping_yamay/,glamping,San Rafael,1,si
hotelclubparadisesr,https://www.instagram.com/hotelclubparadisesr/,glamping,San Rafael,1,si
departamentos_mardelplata,https://www.instagram.com/departamentos_mardelplata/,alquiler turistico,Mar del Plata,2,si
lacasademarcia,https://www.instagram.com/lacasademarcia/,alquiler turistico,Mar del Plata,2,si
soldeabril_bosque,https://www.instagram.com/soldeabril_bosque/,"alquiler turistico, cabañas",Mar del Plata,4,no
rosehousemdq,https://www.instagram.com/rosehousemdq/,alquiler turistico,Mar del Plata,2,no
los_sanavirones,https://www.instagram.com/los_sanavirones/,"alquiler turistico, cabañas",Mar del Plata,4,no
alquiler_mdq_mardelplata,https://www.instagram.com/alquiler_mdq_mardelplata/,alquiler turistico,Mar del Plata,1,si
vistapanoramica.mdp,https://www.instagram.com/vistapanoramica.mdp/,alquiler turistico,Mar del Plata,1,si
vamosamardelplata,https://www.instagram.com/vamosamardelplata/,alquiler turistico,Mar del Plata,1,no
palmeras_delsur,https://www.instagram.com/palmeras_delsur/,alquiler turistico,Mar del Plata,2,si
alojamientosmare,https://www.instagram.com/alojamientosmare/,alquiler turistico,Mar del Plata,2,no
cabanias_delmar,https://www.instagram.com/cabanias_delmar/,cabañas,Mar del Plata,2,si
solymar.mdq,https://www.instagram.com/solymar.mdq/,cabañas,Mar del Plata,2,no
cabanaslassirenas,https://www.instagram.com/cabanaslassirenas/,cabañas,Mar del Plata,2,no
rincondeluna.bosque,https://www.instagram.com/rincondeluna.bosque/,cabañas,Mar del Plata,2,si
cabana_costaazul_acantilados,https://www.instagram.com/cabana_costaazul_acantilados/,cabañas,Mar del Plata,2,no
lostroncosmdp,https://www.instagram.com/lostroncosmdp/,cabañas,Mar del Plata,2,si
airefrescomdq,https://www.instagram.com/airefrescomdq/,cabañas,Mar del Plata,2,no
bosquesdelmarmdp,https://www.instagram.com/bosquesdelmarmdp/,cabañas,Mar del Plata,2,si
cabanasreybosque_mdq,https://www.instagram.com/cabanasreybosque_mdq/,cabañas,Mar del Plata,2,si
cabanasalpinamdp,https://www.instagram.com/cabanasalpinamdp/,cabañas,Mar del Plata,2,si
colinasdelmar,https://www.instagram.com/colinasdelmar/,cabañas,Mar del Plata,2,no
cabanasdelgordo,https://www.instagram.com/cabanasdelgordo/,cabañas,Mar del Plata,2,si
laponderosa.mar.del.plata,https://www.instagram.com/laponderosa.mar.del.plata/,cabañas,Mar del Plata,2,si
bosk_mdp_hoteldebosque,https://www.instagram.com/bosk_mdp_hoteldebosque/,cabañas,Mar del Plata,2,no
sausalito.cabanas,https://www.instagram.com/sausalito.cabanas/,cabañas,Mar del Plata,2,si
bosqueelocio,https://www.instagram.com/bosqueelocio/,cabañas,Mar del Plata,2,no
quaramar_mdp,https://www.instagram.com/quaramar_mdp/,complejo turistico,Mar del Plata,1,si
hotelboutiquesutpa,https://www.instagram.com/hotelboutiquesutpa/,hotel boutique,Mar del Plata,1,no
villa_nuccia,https://www.instagram.com/villa_nuccia/,hotel boutique,Mar del Plata,1,si
saintejeannehotel,https://www.instagram.com/saintejeannehotel/,hotel boutique,Mar del Plata,1,no
elaleph.mdq,https://www.instagram.com/elaleph.mdq/,hotel boutique,Mar del Plata,1,no
hotel.monet,https://www.instagram.com/hotel.monet/,hotel boutique,Mar del Plata,1,no
glamping_mdq,https://www.instagram.com/glamping_mdq/,glamping,Mar del Plata,1,si
complejoelgriego,https://www.instagram.com/complejoelgriego/,glamping,Mar del Plata,2,no
seczacrecim,https://www.instagram.com/seczacrecim/,glamping,Mar del Plata,1,no
tainys_del_mar,https://www.instagram.com/tainys_del_mar/,glamping,Mar del Plata,1,si
glamping.south,https://www.instagram.com/glamping.south/,glamping,Mar del Plata,1,no
laviella.glamp,https://www.instagram.com/laviella.glamp/,glamping,Mar del Plata,2,si