Username,URL,Nichos,Ubicaciones,Veces Encontrado,Calificado,91
cabanias.com.ar,https://www.instagram.com/cabanias.com.ar/,cabañas,Argentina,2,No,
argentinacabanas,https://www.instagram.com/argentinacabanas/,"cabañas, complejo turistico",Argentina,4,No,
cabanasarg.ofc,https://www.instagram.com/cabanasarg.ofc/,cabañas,Argentina,2,Sí,
casa.adelaok,https://www.instagram.com/casa.adelaok/,cabañas,Argentina,2,No,
lafronteravgb,https://www.instagram.com/lafronteravgb/,cabañas,Argentina,2,Sí,
rincondetermasgb,https://www.instagram.com/rincondetermasgb/,cabañas,Argentina,2,No,
cabanaslalina,https://www.instagram.com/cabanaslalina/,cabañas,Argentina,2,Sí,
cabanasdelmonte,https://www.instagram.com/cabanasdelmonte/,cabañas,"Argentina, Buenos Aires",4,Sí,
la_argentina_complejo,https://www.instagram.com/la_argentina_complejo/,cabañas,Argentina,2,Sí,
lacarolacomplejo,https://www.instagram.com/lacarolacomplejo/,cabañas,"Argentina, Buenos Aires",4,Sí,
fincacasiana,https://www.instagram.com/fincacasiana/,cabañas,Argentina,2,Sí,
cabanias_la_esperanza,https://www.instagram.com/cabanias_la_esperanza/,cabañas,Argentina,2,Sí,
cabanaselsauce.com.ar,https://www.instagram.com/cabanaselsauce.com.ar/,cabañas,Argentina,2,Sí,
cabanasbrisasdela,https://www.instagram.com/cabanasbrisasdela/,cabañas,"Argentina, Salta",3,Sí,
laollacomplejo,https://www.instagram.com/laollacomplejo/,complejo turistico,Argentina,2,No,
complejojc,https://www.instagram.com/complejojc/,complejo turistico,Argentina,2,Sí,
complejoturisticopuntaarena,https://www.instagram.com/complejoturisticopuntaarena/,complejo turistico,"Argentina, Buenos Aires",5,Sí,
complejoturisticolostroncos,https://www.instagram.com/complejoturisticolostroncos/,"complejo turistico, cabañas","Argentina, Mendoza, San Rafael",9,No,
complejoaguilablanca,https://www.instagram.com/complejoaguilablanca/,complejo turistico,Argentina,2,No,
complejoapus,https://www.instagram.com/complejoapus/,complejo turistico,Argentina,2,No,
complejoturisticolasjuntas,https://www.instagram.com/complejoturisticolasjuntas/,complejo turistico,Argentina,2,No,
complejoparalelo42,https://www.instagram.com/complejoparalelo42/,complejo turistico,Argentina,4,No,
complejoturisticoanali,https://www.instagram.com/complejoturisticoanali/,complejo turistico,Argentina,2,Sí,
complejo_farelluk_oficial,https://www.instagram.com/complejo_farelluk_oficial/,complejo turistico,Argentina,2,Sí,
egeonnecochea,https://www.instagram.com/egeonnecochea/,complejo turistico,Argentina,1,No,
complejocopacabanaeldorado,https://www.instagram.com/complejocopacabanaeldorado/,complejo turistico,Argentina,2,Sí,
complejosoldepuelo,https://www.instagram.com/complejosoldepuelo/,complejo turistico,Argentina,2,No,
airesdelmocona,https://www.instagram.com/airesdelmocona/,complejo turistico,Argentina,2,Sí,
complejo.turistico.anto,https://www.instagram.com/complejo.turistico.anto/,complejo turistico,Argentina,3,Sí,
acasanmartindelosandes,https://www.instagram.com/acasanmartindelosandes/,complejo turistico,Argentina,2,No,
complejoturisticodelboulevard,https://www.instagram.com/complejoturisticodelboulevard/,complejo turistico,"Argentina, San Rafael",4,Sí,
cabanas_lacomarca,https://www.instagram.com/cabanas_lacomarca/,complejo turistico,Argentina,3,Sí,
complejovalledelacosta,https://www.instagram.com/complejovalledelacosta/,complejo turistico,Argentina,2,Sí,
guiadeturismoargentina,https://www.instagram.com/guiadeturismoargentina/,complejo turistico,Argentina,2,No,
complejoelceibo,https://www.instagram.com/complejoelceibo/,complejo turistico,Argentina,1,No,
hostelsdeargentina,https://www.instagram.com/hostelsdeargentina/,hostel,Argentina,2,No,
linkcordobahostel,https://www.instagram.com/linkcordobahostel/,hostel,Argentina,2,Sí,
hostel.alvearr,https://www.instagram.com/hostel.alvearr/,hostel,Argentina,1,No,
fazhostel,https://www.instagram.com/fazhostel/,hostel,Argentina,2,No,
go.hostel,https://www.instagram.com/go.hostel/,hostel,Argentina,2,No,
playhostels,https://www.instagram.com/playhostels/,hostel,"Argentina, CABA",4,No,
hostelestoril,https://www.instagram.com/hostelestoril/,hostel,"Argentina, CABA",4,No,
posadadelbuscador,https://www.instagram.com/posadadelbuscador/,hostel,Argentina,2,Sí,
sabatico.hostel,https://www.instagram.com/sabatico.hostel/,hostel,"Argentina, CABA",4,No,
lead_podshostel,https://www.instagram.com/lead_podshostel/,hostel,"Argentina, Salta",6,Sí,
folkhostelll,https://www.instagram.com/folkhostelll/,hostel,Argentina,2,No,
floridahostel,https://www.instagram.com/floridahostel/,hostel,Argentina,2,No,
hostelarg,https://www.instagram.com/hostelarg/,hostel,Argentina,1,No,
esquelplanetahostel,https://www.instagram.com/esquelplanetahostel/,hostel,Argentina,2,Sí,
hostel.trotamundos,https://www.instagram.com/hostel.trotamundos/,hostel,Argentina,2,Sí,
la.plata.hostel,https://www.instagram.com/la.plata.hostel/,hostel,Argentina,2,No,
hostelcomoencasa,https://www.instagram.com/hostelcomoencasa/,hostel,Argentina,2,Sí,
lacolmenahostelsl,https://www.instagram.com/lacolmenahostelsl/,hostel,Argentina,2,Sí,
06centralhostel,https://www.instagram.com/06centralhostel/,hostel,Argentina,2,Sí,
voyagerecoletahostel,https://www.instagram.com/voyagerecoletahostel/,hostel,"Argentina, CABA",3,No,
hostelhuellaspuelo,https://www.instagram.com/hostelhuellaspuelo/,hostel,Argentina,1,Sí,
morahostel,https://www.instagram.com/morahostel/,hostel,Argentina,2,No,
malevohostel,https://www.instagram.com/malevohostel/,hostel,"Argentina, CABA",4,No,
idealsocialba,https://www.instagram.com/idealsocialba/,hostel,"Argentina, CABA",4,Sí,
hostellacasadelarbol,https://www.instagram.com/hostellacasadelarbol/,hostel,Argentina,2,Sí,
hosteldellago_elchalten,https://www.instagram.com/hosteldellago_elchalten/,hostel,Argentina,2,Sí,
mirafloreshostelba,https://www.instagram.com/mirafloreshostelba/,hostel,Argentina,2,Sí,
circus_hostel,https://www.instagram.com/circus_hostel/,hostel,"Argentina, CABA",2,No,
chejuanhostelbuenosaires,https://www.instagram.com/chejuanhostelbuenosaires/,hostel,Argentina,2,No,
gorillahostel,https://www.instagram.com/gorillahostel/,hostel,Argentina,2,No,
hostel.oficial,https://www.instagram.com/hostel.oficial/,hostel,Argentina,1,No,
billandbillsantelmo,https://www.instagram.com/billandbillsantelmo/,hostel,Argentina,1,No,
hostel_el_reencuentro,https://www.instagram.com/hostel_el_reencuentro/,hostel,Argentina,2,Sí,
clickhostelneuquen,https://www.instagram.com/clickhostelneuquen/,hostel,Argentina,1,Sí,
hostelinnbariloche,https://www.instagram.com/hostelinnbariloche/,hostel,"Argentina, Bariloche",5,No,
barilochehostel,https://www.instagram.com/barilochehostel/,hostel,"Argentina, Bariloche",5,Sí,
hostelbuenosaires.ok,https://www.instagram.com/hostelbuenosaires.ok/,hostel,Argentina,1,No,
che_argentinahostel,https://www.instagram.com/che_argentinahostel/,hostel,Argentina,1,Sí,
glampingargentina,https://www.instagram.com/glampingargentina/,glamping,Argentina,2,Sí,
riomansocamp,https://www.instagram.com/riomansocamp/,glamping,"Argentina, Bariloche",6,No,
glamping_mercedes,https://www.instagram.com/glamping_mercedes/,glamping,Argentina,2,Capaz,
glampingmonte,https://www.instagram.com/glampingmonte/,glamping,"Argentina, CABA",4,Sí,
riodelospajaros.glamping,https://www.instagram.com/riodelospajaros.glamping/,glamping,Argentina,2,No,
llanosecolodge,https://www.instagram.com/llanosecolodge/,glamping,Argentina,2,Sí,
geodomos,https://www.instagram.com/geodomos/,glamping,Argentina,2,No,
patagoniaglampingco,https://www.instagram.com/patagoniaglampingco/,glamping,"Argentina, Bariloche",10,No,
almadelarroyoposada,https://www.instagram.com/almadelarroyoposada/,posada,Argentina,2,No,
ecoposadalasdalias,https://www.instagram.com/ecoposadalasdalias/,posada,Argentina,1,No,
posadalamatilde,https://www.instagram.com/posadalamatilde/,posada,Argentina,2,No,
casablanca.posada,https://www.instagram.com/casablanca.posada/,posada,Argentina,2,Sí,
posadadelalagunalodge,https://www.instagram.com/posadadelalagunalodge/,"posada, lodge",Argentina,2,No,
posadaelrefugio,https://www.instagram.com/posadaelrefugio/,posada,Argentina,2,No,
punta_ramallo,https://www.instagram.com/punta_ramallo/,posada,Argentina,2,No,
laramadita.fiambala,https://www.instagram.com/laramadita.fiambala/,posada,Argentina,2,Sí,
posadasuizamonte,https://www.instagram.com/posadasuizamonte/,posada,Argentina,2,No,
laposadademadrynn,https://www.instagram.com/laposadademadrynn/,posada,Argentina,2,No,
laposadadelabra,https://www.instagram.com/laposadadelabra/,posada,Argentina,4,Sí,
posadadelblanco,https://www.instagram.com/posadadelblanco/,posada,Argentina,2,No,
posadalaescondida,https://www.instagram.com/posadalaescondida/,posada,Argentina,2,No,
posada.del.nireco,https://www.instagram.com/posada.del.nireco/,posada,"Argentina, Bariloche",4,No,
posadapatagonia.sj,https://www.instagram.com/posadapatagonia.sj/,posada,Argentina,2,Sí,
posadalascanasfiambala,https://www.instagram.com/posadalascanasfiambala/,posada,Argentina,2,Sí,
laposadademorgan,https://www.instagram.com/laposadademorgan/,posada,Argentina,2,No,
posada_del_puerto,https://www.instagram.com/posada_del_puerto/,posada,Argentina,2,No,
posadadelsol.junin,https://www.instagram.com/posadadelsol.junin/,posada,Argentina,2,Sí,
motoposadas.argentina,https://www.instagram.com/motoposadas.argentina/,posada,Argentina,2,No,
posadadesanisidro,https://www.instagram.com/posadadesanisidro/,posada,Argentina,2,Sí,
lasoniadaposada,https://www.instagram.com/lasoniadaposada/,posada,Argentina,2,No,
saneduardo_,https://www.instagram.com/saneduardo_/,posada,Argentina,2,Sí,
goodliferesort,https://www.instagram.com/goodliferesort/,resort,Argentina,1,No,
pueblo_nativo,https://www.instagram.com/pueblo_nativo/,resort,Argentina,2,No,
lospinosresort,https://www.instagram.com/lospinosresort/,resort,Argentina,2,No,
chozosresort,https://www.instagram.com/chozosresort/,resort,Argentina,2,No,
thevinesresortandspa,https://www.instagram.com/thevinesresortandspa/,resort,Argentina,2,No,
lashayasresort,https://www.instagram.com/lashayasresort/,resort,Argentina,2,No,
resortriogrande_,https://www.instagram.com/resortriogrande_/,resort,Argentina,2,No,
arenaresortfederacion,https://www.instagram.com/arenaresortfederacion/,resort,Argentina,2,No,
departamentostemporarios_cba,https://www.instagram.com/departamentostemporarios_cba/,departamentos temporarios,Argentina,2,Sí,
altosdelaciudad,https://www.instagram.com/altosdelaciudad/,departamentos temporarios,Argentina,2,No,
departamentostemporariosenarg,https://www.instagram.com/departamentostemporariosenarg/,departamentos temporarios,Argentina,1,No,
debarrio_aparts,https://www.instagram.com/debarrio_aparts/,"departamentos temporarios, alquiler temporario","Argentina, CABA",7,Sí,
alquilertemporarioba,https://www.instagram.com/alquilertemporarioba/,"departamentos temporarios, alquiler temporario","Argentina, CABA",6,Sí,
rosariotemporal,https://www.instagram.com/rosariotemporal/,"departamentos temporarios, alquiler temporario",Argentina,4,No,
temporarios_saenzpena,https://www.instagram.com/temporarios_saenzpena/,departamentos temporarios,Argentina,2,Sí,
temporariospremium_rosario,https://www.instagram.com/temporariospremium_rosario/,departamentos temporarios,Argentina,2,No,
temporariosantafe,https://www.instagram.com/temporariosantafe/,"departamentos temporarios, alquiler temporario",Argentina,4,No,
kairos_departamentos,https://www.instagram.com/kairos_departamentos/,departamentos temporarios,Argentina,2,Sí,
alquilerpordiavillamaria,https://www.instagram.com/alquilerpordiavillamaria/,departamentos temporarios,Argentina,1,Sí,
dptostemporariosbsas,https://www.instagram.com/dptostemporariosbsas/,departamentos temporarios,"Argentina, CABA",4,No,
eclipse.deptos.temporarios,https://www.instagram.com/eclipse.deptos.temporarios/,departamentos temporarios,Argentina,2,No,
silver_aparts_temporarios,https://www.instagram.com/silver_aparts_temporarios/,departamentos temporarios,Argentina,2,Sí,
navarrodepartamentos,https://www.instagram.com/navarrodepartamentos/,departamentos temporarios,Argentina,2,Sí,
temporarioschaco,https://www.instagram.com/temporarioschaco/,departamentos temporarios,Argentina,2,No,
alquilerestemporariosensanjuan,https://www.instagram.com/alquilerestemporariosensanjuan/,departamentos temporarios,Argentina,1,No,
mendoza_yourapart,https://www.instagram.com/mendoza_yourapart/,departamentos temporarios,Argentina,1,Sí,
shallor_cryss,https://www.instagram.com/shallor_cryss/,departamentos temporarios,Argentina,2,Sí,
apartchecatu,https://www.instagram.com/apartchecatu/,departamentos temporarios,Argentina,2,Sí,
ivyresistencia,https://www.instagram.com/ivyresistencia/,departamentos temporarios,Argentina,2,Sí,
departamentostemporariosctes,https://www.instagram.com/departamentostemporariosctes/,departamentos temporarios,Argentina,1,Sí,
verrastroviajes.departamentos,https://www.instagram.com/verrastroviajes.departamentos/,departamentos temporarios,Argentina,2,No,
alquiler_temporario_neuquen,https://www.instagram.com/alquiler_temporario_neuquen/,departamentos temporarios,Argentina,2,No,
tcmtemporariosalta,https://www.instagram.com/tcmtemporariosalta/,departamentos temporarios,Argentina,2,Sí,
altosdeargentina_,https://www.instagram.com/altosdeargentina_/,departamentos temporarios,Argentina,2,Sí,
apart244_salta,https://www.instagram.com/apart244_salta/,departamentos temporarios,Argentina,1,No,
alquilerestemporariosvm,https://www.instagram.com/alquilerestemporariosvm/,alquiler temporario,Argentina,2,Sí,
bairestemporarios,https://www.instagram.com/bairestemporarios/,alquiler temporario,"Argentina, CABA",4,Sí,
tempohogar_,https://www.instagram.com/tempohogar_/,alquiler temporario,Argentina,1,Sí,
alquilamosenbsas,https://www.instagram.com/alquilamosenbsas/,alquiler temporario,Argentina,2,Sí,
guest.alquilertemporario,https://www.instagram.com/guest.alquilertemporario/,alquiler temporario,Argentina,2,Sí,
alquilertemporarios,https://www.instagram.com/alquilertemporarios/,alquiler temporario,Argentina,2,Sí,
onetemporary.arg,https://www.instagram.com/onetemporary.arg/,alquiler temporario,Argentina,2,No,
lofterviajeros,https://www.instagram.com/lofterviajeros/,alquiler temporario,Argentina,2,No,
departamentos_unicos,https://www.instagram.com/departamentos_unicos/,alquiler temporario,"Argentina, CABA",4,Sí,
arangurenapart,https://www.instagram.com/arangurenapart/,alquiler temporario,Argentina,2,No,
alquilerestemporarios.tuc,https://www.instagram.com/alquilerestemporarios.tuc/,alquiler temporario,Argentina,2,Sí,
alquileres.temporarios.salta,https://www.instagram.com/alquileres.temporarios.salta/,alquiler temporario,Argentina,2,Sí,
alquilertemporalneuquen,https://www.instagram.com/alquilertemporalneuquen/,alquiler temporario,Argentina,1,Sí,
tuhogarensanjuan,https://www.instagram.com/tuhogarensanjuan/,alquiler temporario,Argentina,2,Capaz,
alquilandoenbsas,https://www.instagram.com/alquilandoenbsas/,alquiler temporario,"Argentina, CABA",4,Capaz,
entreroblescb,https://www.instagram.com/entreroblescb/,alquiler temporario,Argentina,1,No,
bungalowsunsur.ar,https://www.instagram.com/bungalowsunsur.ar/,bungalows,"Argentina, Bariloche",4,Sí,
airesdeldelta,https://www.instagram.com/airesdeldelta/,bungalows,Argentina,2,No,
bungalowstiempolibre,https://www.instagram.com/bungalowstiempolibre/,bungalows,Argentina,2,Sí,
bungalowscurupi,https://www.instagram.com/bungalowscurupi/,bungalows,Argentina,3,Sí,
playa52bungalows,https://www.instagram.com/playa52bungalows/,bungalows,Argentina,2,Sí,
lacaleta.bungalows,https://www.instagram.com/lacaleta.bungalows/,bungalows,"Argentina, Bariloche",5,No,
altoscoloniales,https://www.instagram.com/altoscoloniales/,bungalows,"Argentina, CABA",3,No,
bungalowscoiron,https://www.instagram.com/bungalowscoiron/,bungalows,Argentina,2,No,
bondilodge,https://www.instagram.com/bondilodge/,lodge,Argentina,2,Sí,
lapilaricalodge,https://www.instagram.com/lapilaricalodge/,lodge,Argentina,2,No,
entresenderoslodge,https://www.instagram.com/entresenderoslodge/,lodge,Argentina,2,Sí,
lodgetikilen,https://www.instagram.com/lodgetikilen/,lodge,Argentina,2,Sí,
wuijoorlodge,https://www.instagram.com/wuijoorlodge/,lodge,Argentina,2,No,
finca_lafe,https://www.instagram.com/finca_lafe/,lodge,Argentina,2,No,
bahiabustamante,https://www.instagram.com/bahiabustamante/,lodge,Argentina,2,No,
wildwetlandslodge,https://www.instagram.com/wildwetlandslodge/,lodge,Argentina,2,Sí,
aurum.lodge,https://www.instagram.com/aurum.lodge/,lodge,Argentina,2,No,
ushuaialodge,https://www.instagram.com/ushuaialodge/,lodge,Argentina,2,Sí,
losombueslodge,https://www.instagram.com/losombueslodge/,lodge,Argentina,2,No,
leylandiilodge,https://www.instagram.com/leylandiilodge/,lodge,"Argentina, CABA",3,Sí,
bellasofialodge,https://www.instagram.com/bellasofialodge/,lodge,Argentina,2,No,
lagunalargalodge,https://www.instagram.com/lagunalargalodge/,lodge,Argentina,2,No,
hermosoecolodge,https://www.instagram.com/hermosoecolodge/,eco lodge,Argentina,6,No,
piedrayagua.ecolodge,https://www.instagram.com/piedrayagua.ecolodge/,eco lodge,Argentina,2,No,
pistacho_club,https://www.instagram.com/pistacho_club/,eco lodge,Argentina,2,Sí,
denmoza.ecolodge,https://www.instagram.com/denmoza.ecolodge/,"eco lodge, glamping","Argentina, Mendoza",6,No,
eldiuconecolodge,https://www.instagram.com/eldiuconecolodge/,eco lodge,Argentina,2,No,
natural_lodge,https://www.instagram.com/natural_lodge/,eco lodge,Argentina,2,No,
elpaisaje.elsoberbio,https://www.instagram.com/elpaisaje.elsoberbio/,eco lodge,Argentina,3,Sí,
lapucaritaecolodge,https://www.instagram.com/lapucaritaecolodge/,eco lodge,Argentina,2,No,
aguasarribalodge,https://www.instagram.com/aguasarribalodge/,eco lodge,Argentina,2,No,
casacoloradaecolodge,https://www.instagram.com/casacoloradaecolodge/,eco lodge,Argentina,2,No,
lacolmenaecolodge,https://www.instagram.com/lacolmenaecolodge/,eco lodge,Argentina,2,No,
puebleando.arg,https://www.instagram.com/puebleando.arg/,turismo rural,"Argentina, CABA",4,No,
redargentinaturismocomunitario,https://www.instagram.com/redargentinaturismocomunitario/,turismo rural,Argentina,2,No,
raicesdecampotr,https://www.instagram.com/raicesdecampotr/,turismo rural,Argentina,2,No,
estancianehuenmapu,https://www.instagram.com/estancianehuenmapu/,turismo rural,Argentina,1,No,
estancias.rurales,https://www.instagram.com/estancias.rurales/,turismo rural,"Argentina, CABA",4,No,
turismoruralfauba,https://www.instagram.com/turismoruralfauba/,turismo rural,Argentina,4,No,
turismoruraltandil,https://www.instagram.com/turismoruraltandil/,turismo rural,Argentina,2,No,
experiencia.rural,https://www.instagram.com/experiencia.rural/,turismo rural,Argentina,2,No,
turismonacionar,https://www.instagram.com/turismonacionar/,turismo rural,Argentina,2,No,
turismoruralarg,https://www.instagram.com/turismoruralarg/,turismo rural,Argentina,1,No,
lagunasbisalquileres,https://www.instagram.com/lagunasbisalquileres/,casas de alquiler,Argentina,2,Sí,
lascaniasmardecobo,https://www.instagram.com/lascaniasmardecobo/,casas de alquiler,Argentina,2,No,
lapampita.alquileresbariloche,https://www.instagram.com/lapampita.alquileresbariloche/,casas de alquiler,Argentina,1,Capaz,
dreyesyreinas,https://www.instagram.com/dreyesyreinas/,casas de alquiler,Argentina,2,Sí,
alaia_casasdemar,https://www.instagram.com/alaia_casasdemar/,casas de alquiler,Argentina,2,No,
veranoencitybell,https://www.instagram.com/veranoencitybell/,casas de alquiler,Argentina,2,No,
alojamientosmdq,https://www.instagram.com/alojamientosmdq/,casas de alquiler,Argentina,2,Sí,
estanciadonsilvano,https://www.instagram.com/estanciadonsilvano/,estancia turistica,"Argentina, CABA",8,No,
elprado_estanciaturistica,https://www.instagram.com/elprado_estanciaturistica/,estancia turistica,"Argentina, CABA",6,No,
estanciaelcondor,https://www.instagram.com/estanciaelcondor/,estancia turistica,Argentina,2,No,
hostalnaico,https://www.instagram.com/hostalnaico/,estancia turistica,Argentina,2,Sí,
estanciasanguillermo,https://www.instagram.com/estanciasanguillermo/,estancia turistica,Argentina,1,No,
areco.host,https://www.instagram.com/areco.host/,estancia turistica,Argentina,2,Sí,
estancialosplatanos,https://www.instagram.com/estancialosplatanos/,estancia turistica,Argentina,2,No,
estancialamaria,https://www.instagram.com/estancialamaria/,estancia turistica,Argentina,1,No,
la_angostura_patagonia,https://www.instagram.com/la_angostura_patagonia/,estancia turistica,Argentina,2,Sí,
hospedajes.argentina,https://www.instagram.com/hospedajes.argentina/,"hospedaje, alojamiento",Argentina,2,No,
hospedajesobreruedas,https://www.instagram.com/hospedajesobreruedas/,hospedaje,Argentina,1,No,
aristobulo.hospedaje,https://www.instagram.com/aristobulo.hospedaje/,hospedaje,"Argentina, CABA",3,Sí,
hospedajesuriyacu,https://www.instagram.com/hospedajesuriyacu/,hospedaje,Argentina,1,No,
guiamisiones,https://www.instagram.com/guiamisiones/,hospedaje,Argentina,1,No,
huellitashospedaje,https://www.instagram.com/huellitashospedaje/,hospedaje,Argentina,1,No,
hospedaje.sanfrancisco,https://www.instagram.com/hospedaje.sanfrancisco/,hospedaje,Argentina,1,No,
alquilerargentina,https://www.instagram.com/alquilerargentina/,alojamiento,Argentina,2,No,
mihogar_alquiler,https://www.instagram.com/mihogar_alquiler/,alojamiento,Argentina,1,No,
alquiler.turistico.bsas,https://www.instagram.com/alquiler.turistico.bsas/,alquiler turistico,Buenos Aires,3,Sí,
bsasdeptostemporarios,https://www.instagram.com/bsasdeptostemporarios/,alquiler turistico,Buenos Aires,1,Sí,
maghoms_,https://www.instagram.com/maghoms_/,alquiler turistico,Buenos Aires,2,Sí,
homelyjoy,https://www.instagram.com/homelyjoy/,alquiler turistico,Buenos Aires,4,No,
el.patio.suites,https://www.instagram.com/el.patio.suites/,alquiler turistico,Buenos Aires,2,Sí,
urbanplacesba.ok,https://www.instagram.com/urbanplacesba.ok/,alquiler turistico,Buenos Aires,4,Sí,
airesdecampo.cabanas,https://www.instagram.com/airesdecampo.cabanas/,cabañas,Buenos Aires,2,Sí,
lacasadelarboloficial_,https://www.instagram.com/lacasadelarboloficial_/,cabañas,Buenos Aires,2,Sí,
delbosquecabanas,https://www.instagram.com/delbosquecabanas/,cabañas,Buenos Aires,2,Sí,
elremansogouin,https://www.instagram.com/elremansogouin/,cabañas,Buenos Aires,2,Sí,
complejosafari,https://www.instagram.com/complejosafari/,"cabañas, bungalows","Buenos Aires, CABA",4,No,
ecocabanario,https://www.instagram.com/ecocabanario/,cabañas,Buenos Aires,2,Sí,
cabaniasdelalaguna,https://www.instagram.com/cabaniasdelalaguna/,cabañas,Buenos Aires,2,No,
glampinginba,https://www.instagram.com/glampinginba/,"cabañas, glamping","Buenos Aires, CABA",4,No,
peumayen_punta_indio,https://www.instagram.com/peumayen_punta_indio/,cabañas,Buenos Aires,2,No,
lastahonas,https://www.instagram.com/lastahonas/,cabañas,Buenos Aires,2,No,
larinconadacarloskeen,https://www.instagram.com/larinconadacarloskeen/,cabañas,Buenos Aires,2,Sí,
complejoestanciadelobos,https://www.instagram.com/complejoestanciadelobos/,complejo turistico,Buenos Aires,2,No,
coloniabp,https://www.instagram.com/coloniabp/,complejo turistico,Buenos Aires,2,No,
granadoshostel,https://www.instagram.com/granadoshostel/,hostel,CABA,2,No,
hosteldowntownba,https://www.instagram.com/hosteldowntownba/,hostel,CABA,2,Sí,
rudahostel,https://www.instagram.com/rudahostel/,hostel,CABA,2,No,
grupolarocca_,https://www.instagram.com/grupolarocca_/,hostel,CABA,2,Sí,
hostelmediomundo,https://www.instagram.com/hostelmediomundo/,hostel,CABA,1,Sí,
rmhostelba,https://www.instagram.com/rmhostelba/,hostel,CABA,1,No,
hagothhostel,https://www.instagram.com/hagothhostel/,hostel,CABA,1,No,
parla_hostel,https://www.instagram.com/parla_hostel/,hostel,CABA,2,No,
hostelciro,https://www.instagram.com/hostelciro/,hostel,CABA,2,Sí,
lugar.gay,https://www.instagram.com/lugar.gay/,hostel,CABA,2,No,
hirecoletahostel,https://www.instagram.com/hirecoletahostel/,hostel,CABA,1,No,
terranova.glamping,https://www.instagram.com/terranova.glamping/,glamping,CABA,2,No,
cabaresorts,https://www.instagram.com/cabaresorts/,glamping,CABA,2,Sí,
posadagotan,https://www.instagram.com/posadagotan/,posada,CABA,2,No,
posadalamagnolia,https://www.instagram.com/posadalamagnolia/,posada,CABA,2,No,
comoentoncesposada,https://www.instagram.com/comoentoncesposada/,posada,CABA,2,No,
laposadadeuribe,https://www.instagram.com/laposadadeuribe/,posada,CABA,2,No,
olivosresortspa,https://www.instagram.com/olivosresortspa/,resort,CABA,2,No,
resortspatermaldolores,https://www.instagram.com/resortspatermaldolores/,resort,CABA,3,No,
pualyresort,https://www.instagram.com/pualyresort/,resort,CABA,2,No,
lagunalf.resort,https://www.instagram.com/lagunalf.resort/,resort,CABA,2,No,
doubletreebyhiltonba,https://www.instagram.com/doubletreebyhiltonba/,resort,CABA,1,No,
italianotemporaryapartments,https://www.instagram.com/italianotemporaryapartments/,departamentos temporarios,CABA,2,Sí,
ollerosba.suites,https://www.instagram.com/ollerosba.suites/,departamentos temporarios,CABA,2,Sí,
alojate.en.palermo.bsas,https://www.instagram.com/alojate.en.palermo.bsas/,departamentos temporarios,CABA,1,Sí,
nidi.temporario,https://www.instagram.com/nidi.temporario/,alquiler temporario,CABA,2,No,
patriciabairestemp,https://www.instagram.com/patriciabairestemp/,alquiler temporario,CABA,2,Sí,
urbanotemporario,https://www.instagram.com/urbanotemporario/,alquiler temporario,CABA,2,No,
rulitos.de.sol,https://www.instagram.com/rulitos.de.sol/,bungalows,CABA,2,,
hollywoodbungalows,https://www.instagram.com/hollywoodbungalows/,bungalows,CABA,2,,
bungalowscande_cabanalaloma,https://www.instagram.com/bungalowscande_cabanalaloma/,bungalows,CABA,2,,
chana.timbu.ecolodge,https://www.instagram.com/chana.timbu.ecolodge/,eco lodge,CABA,1,,
losdosvagones,https://www.instagram.com/losdosvagones/,turismo rural,CABA,2,,
casadecampo_arg,https://www.instagram.com/casadecampo_arg/,hospedaje,CABA,2,,
laguarida.tomasjofre,https://www.instagram.com/laguarida.tomasjofre/,hospedaje,CABA,1,,
dptostemporariosencordoba,https://www.instagram.com/dptostemporariosencordoba/,alquiler turistico,Cordoba,2,,
alquilatraslasierra,https://www.instagram.com/alquilatraslasierra/,alquiler turistico,Cordoba,1,,
campogolpedeagua,https://www.instagram.com/campogolpedeagua/,alquiler turistico,Cordoba,1,,
cabana.cordoba,https://www.instagram.com/cabana.cordoba/,cabañas,Cordoba,2,,
pasocalmo.alojamiento.cordoba,https://www.instagram.com/pasocalmo.alojamiento.cordoba/,cabañas,Cordoba,2,,
sierrascabanas,https://www.instagram.com/sierrascabanas/,cabañas,Cordoba,2,,
sol.de.calamuchita,https://www.instagram.com/sol.de.calamuchita/,cabañas,Cordoba,2,,
callesdelasierra,https://www.instagram.com/callesdelasierra/,cabañas,Cordoba,2,,
bernalinacordoba,https://www.instagram.com/bernalinacordoba/,cabañas,Cordoba,2,,
complejoloscedros,https://www.instagram.com/complejoloscedros/,cabañas,Cordoba,2,,
lamaina_sanjavier,https://www.instagram.com/lamaina_sanjavier/,cabañas,Cordoba,2,,
cabanaselmiradorlafalda,https://www.instagram.com/cabanaselmiradorlafalda/,cabañas,Cordoba,2,,
hostellostroncos,https://www.instagram.com/hostellostroncos/,hostel,Bariloche,4,,
hostelvalhalla,https://www.instagram.com/hostelvalhalla/,hostel,Bariloche,2,,
nina_hostel_bariloche,https://www.instagram.com/nina_hostel_bariloche/,hostel,Bariloche,4,,
hostel.achalay,https://www.instagram.com/hostel.achalay/,hostel,Bariloche,3,,
lafinca.hostel,https://www.instagram.com/lafinca.hostel/,hostel,Bariloche,2,,
lacasonahostelbariloche,https://www.instagram.com/lacasonahostelbariloche/,hostel,Bariloche,2,,
hostelcuatrocerros,https://www.instagram.com/hostelcuatrocerros/,hostel,Bariloche,2,,
hosteltemiscira,https://www.instagram.com/hosteltemiscira/,hostel,Bariloche,2,,
alaskapatagoniahostel,https://www.instagram.com/alaskapatagoniahostel/,hostel,Bariloche,2,,
hostelarrayan,https://www.instagram.com/hostelarrayan/,hostel,Bariloche,3,,
hopahome,https://www.instagram.com/hopahome/,hostel,Bariloche,2,,
hostelrefugiooeste,https://www.instagram.com/hostelrefugiooeste/,hostel,Bariloche,2,,
hostelppbariloche,https://www.instagram.com/hostelppbariloche/,hostel,Bariloche,2,,
vintagehostelbrc,https://www.instagram.com/vintagehostelbrc/,hostel,Bariloche,2,,
likequijote,https://www.instagram.com/likequijote/,hostel,Bariloche,2,,
hostelrefugioaku,https://www.instagram.com/hostelrefugioaku/,hostel,Bariloche,2,,
greenhousebarilochehostel,https://www.instagram.com/greenhousebarilochehostel/,hostel,Bariloche,2,,
reviviendohostel,https://www.instagram.com/reviviendohostel/,hostel,Bariloche,2,,
lajustinahostel,https://www.instagram.com/lajustinahostel/,hostel,Bariloche,2,,
patagoniajazzbariloche,https://www.instagram.com/patagoniajazzbariloche/,hostel,Bariloche,2,,
bellapatagoniahostel,https://www.instagram.com/bellapatagoniahostel/,hostel,Bariloche,2,,
gravityecohostel,https://www.instagram.com/gravityecohostel/,hostel,Bariloche,2,,
lv.hostel,https://www.instagram.com/lv.hostel/,hostel,Bariloche,2,,
hostelrefugiopatagonia,https://www.instagram.com/hostelrefugiopatagonia/,hostel,Bariloche,2,,
olimpohousehostel,https://www.instagram.com/olimpohousehostel/,hostel,Bariloche,2,,
fortalezahostelbariloche,https://www.instagram.com/fortalezahostelbariloche/,hostel,Bariloche,2,,
ahc.bariloche,https://www.instagram.com/ahc.bariloche/,hostel,Bariloche,2,,
sunhostels,https://www.instagram.com/sunhostels/,hostel,Bariloche,1,,
loscoihuescamping,https://www.instagram.com/loscoihuescamping/,hostel,Bariloche,3,,
italiainnhostel,https://www.instagram.com/italiainnhostel/,hostel,Bariloche,2,,
tangoinn,https://www.instagram.com/tangoinn/,hostel,Bariloche,2,,
indomitohostel,https://www.instagram.com/indomitohostel/,hostel,Bariloche,2,,
bonitalakehouse,https://www.instagram.com/bonitalakehouse/,hostel,Bariloche,2,,
tripbariloche,https://www.instagram.com/tripbariloche/,hostel,Bariloche,1,,
nomadhospedaje,https://www.instagram.com/nomadhospedaje/,hostel,Bariloche,2,,
lasurferia_apartsyhostel,https://www.instagram.com/lasurferia_apartsyhostel/,hostel,Bariloche,2,,
perikoshostel,https://www.instagram.com/perikoshostel/,hostel,Bariloche,2,,
universaltravellershostel,https://www.instagram.com/universaltravellershostel/,hostel,Bariloche,2,,
sofis_hostel,https://www.instagram.com/sofis_hostel/,hostel,Bariloche,2,,
rucahueney.bari,https://www.instagram.com/rucahueney.bari/,hostel,Bariloche,3,,
cinerama.hostel,https://www.instagram.com/cinerama.hostel/,hostel,Bariloche,2,,
petuniabariloche,https://www.instagram.com/petuniabariloche/,hostel,Bariloche,1,,
casalobohostel,https://www.instagram.com/casalobohostel/,hostel,Bariloche,1,,
penthouse1004,https://www.instagram.com/penthouse1004/,hostel,Bariloche,1,,
rodiniahostel,https://www.instagram.com/rodiniahostel/,hostel,Bariloche,1,,
nevadahostel,https://www.instagram.com/nevadahostel/,hostel,Bariloche,1,,
hostelrefugiocordillera,https://www.instagram.com/hostelrefugiocordillera/,hostel,Bariloche,1,,
refugioaltavista,https://www.instagram.com/refugioaltavista/,hostel,Bariloche,1,,
felipabariloche,https://www.instagram.com/felipabariloche/,hostel,Bariloche,1,,
kospihouse,https://www.instagram.com/kospihouse/,hostel,Bariloche,1,,
gentedelsur_ok,https://www.instagram.com/gentedelsur_ok/,hostel,Bariloche,1,,
hosteltrufa,https://www.instagram.com/hosteltrufa/,hostel,Bariloche,1,,
lahuellaglamping,https://www.instagram.com/lahuellaglamping/,glamping,Bariloche,4,,
bariloche_jr,https://www.instagram.com/bariloche_jr/,glamping,Bariloche,4,,
glampingvulcanche,https://www.instagram.com/glampingvulcanche/,glamping,Bariloche,4,,
las.carpitas,https://www.instagram.com/las.carpitas/,glamping,Bariloche,2,,
posadalosjuncos,https://www.instagram.com/posadalosjuncos/,posada,Bariloche,2,,
equsbrc,https://www.instagram.com/equsbrc/,posada,Bariloche,2,,
hostpajaroazul,https://www.instagram.com/hostpajaroazul/,posada,Bariloche,2,,
posadademontana,https://www.instagram.com/posadademontana/,posada,Bariloche,2,,
posadadelangelbariloche,https://www.instagram.com/posadadelangelbariloche/,posada,Bariloche,2,,
posada_delaflor,https://www.instagram.com/posada_delaflor/,posada,Bariloche,2,,
posadadelchimango,https://www.instagram.com/posadadelchimango/,posada,Bariloche,2,,
posadadeltrebol,https://www.instagram.com/posadadeltrebol/,posada,Bariloche,2,,
rupupehuenresort,https://www.instagram.com/rupupehuenresort/,resort,Bariloche,2,,
aldebaranexperienceresort,https://www.instagram.com/aldebaranexperienceresort/,resort,Bariloche,2,,
peumahue,https://www.instagram.com/peumahue/,resort,Bariloche,4,,
charmingbariloche,https://www.instagram.com/charmingbariloche/,"resort, lodge",Bariloche,3,,
lechateaubariloche,https://www.instagram.com/lechateaubariloche/,resort,Bariloche,2,,
loft_bariloche,https://www.instagram.com/loft_bariloche/,departamentos temporarios,Bariloche,1,,
lafranciscabariloche,https://www.instagram.com/lafranciscabariloche/,alquiler temporario,Bariloche,2,,
blackbirdbariloche,https://www.instagram.com/blackbirdbariloche/,alquiler temporario,Bariloche,2,,
time.hosting,https://www.instagram.com/time.hosting/,alquiler temporario,Bariloche,4,,
dptotacuari,https://www.instagram.com/dptotacuari/,alquiler temporario,Bariloche,2,,
bariloche.adc,https://www.instagram.com/bariloche.adc/,alquiler temporario,Bariloche,2,,
cerrosyhuellas,https://www.instagram.com/cerrosyhuellas/,alquiler temporario,Bariloche,2,,
bariloche.alquiler.temporario,https://www.instagram.com/bariloche.alquiler.temporario/,alquiler temporario,Bariloche,2,,
arelauquen.bungalows,https://www.instagram.com/arelauquen.bungalows/,bungalows,Bariloche,2,,
sanisidro.bungalows,https://www.instagram.com/sanisidro.bungalows/,bungalows,Bariloche,2,,
solardelasaraucariasbariloche,https://www.instagram.com/solardelasaraucariasbariloche/,bungalows,Bariloche,2,,
cauquenyliebres.bungalows,https://www.instagram.com/cauquenyliebres.bungalows/,bungalows,Bariloche,2,,
maniubariloche,https://www.instagram.com/maniubariloche/,bungalows,Bariloche,2,,
tierra_surena,https://www.instagram.com/tierra_surena/,"bungalows, cabañas",Bariloche,4,,
lodejaume_cabanas,https://www.instagram.com/lodejaume_cabanas/,bungalows,Bariloche,2,,
bungalows_loscipresales,https://www.instagram.com/bungalows_loscipresales/,bungalows,Bariloche,2,,
bungalows_montblanc,https://www.instagram.com/bungalows_montblanc/,bungalows,Bariloche,2,,
modernobungalow,https://www.instagram.com/modernobungalow/,bungalows,Bariloche,1,,
reinamarianabungalows,https://www.instagram.com/reinamarianabungalows/,bungalows,Bariloche,2,,
arelauquenlodgebariloche,https://www.instagram.com/arelauquenlodgebariloche/,lodge,Bariloche,2,,
losnireslodge,https://www.instagram.com/losnireslodge/,lodge,Bariloche,2,,
citizenkanelodge,https://www.instagram.com/citizenkanelodge/,lodge,Bariloche,2,,
elnauticolodgebariloche,https://www.instagram.com/elnauticolodgebariloche/,lodge,Bariloche,2,,
oda.patagonia,https://www.instagram.com/oda.patagonia/,lodge,Bariloche,4,,
wllodge,https://www.instagram.com/wllodge/,lodge,Bariloche,2,,
rucalaufquenlodge,https://www.instagram.com/rucalaufquenlodge/,lodge,Bariloche,2,,
islavictorialodge,https://www.instagram.com/islavictorialodge/,lodge,Bariloche,2,,
kurtem.catedral,https://www.instagram.com/kurtem.catedral/,lodge,Bariloche,2,,
sudbruckhosteria,https://www.instagram.com/sudbruckhosteria/,lodge,Bariloche,1,,
stagbariloche,https://www.instagram.com/stagbariloche/,lodge,Bariloche,2,,
elquincho_losnires,https://www.instagram.com/elquincho_losnires/,lodge,Bariloche,1,,
hosteldelmarmdp,https://www.instagram.com/hosteldelmarmdp/,"hospedaje, alojamiento",Mar del Plata,4,No,
colinasalmar,https://www.instagram.com/colinasalmar/,hospedaje,Mar del Plata,2,No,
alojamientocalma.mdp,https://www.instagram.com/alojamientocalma.mdp/,alojamiento,Mar del Plata,2,Sí,
soldeabril_bosque,https://www.instagram.com/soldeabril_bosque/,"alojamiento, alquiler turistico, cabañas",Mar del Plata,6,No,
lp_loft,https://www.instagram.com/lp_loft/,alojamiento,Mar del Plata,2,Sí,
elrefugiohostel,https://www.instagram.com/elrefugiohostel/,alojamiento,Mar del Plata,2,Sí,
paseobalcarce.salta,https://www.instagram.com/paseobalcarce.salta/,alquiler turistico,Salta,1,Sí,
malvon.cafayate,https://www.instagram.com/malvon.cafayate/,alquiler turistico,Salta,2,Sí,
lacabreraoficial,https://www.instagram.com/lacabreraoficial/,alquiler turistico,Salta,2,No,
cabanaslasmorochas,https://www.instagram.com/cabanaslasmorochas/,cabañas,Salta,2,Sí,
tierrasdelnorte_salta,https://www.instagram.com/tierrasdelnorte_salta/,cabañas,Salta,2,No,
cabanas.sanlorenzo,https://www.instagram.com/cabanas.sanlorenzo/,cabañas,Salta,3,No,
posadadelcielo.ok,https://www.instagram.com/posadadelcielo.ok/,"cabañas, posada",Salta,4,No,
lamoradacabracorral,https://www.instagram.com/lamoradacabracorral/,cabañas,Salta,2,Sí,
posadasfratelli,https://www.instagram.com/posadasfratelli/,"cabañas, posada",Salta,4,No,
laposadadejuan,https://www.instagram.com/laposadadejuan/,"cabañas, posada",Salta,4,No,
cabanaselvergelsaltaok,https://www.instagram.com/cabanaselvergelsaltaok/,cabañas,Salta,2,No,
cabanasohanasalta,https://www.instagram.com/cabanasohanasalta/,cabañas,Salta,2,Sí,
eldestino_rioblanco,https://www.instagram.com/eldestino_rioblanco/,cabañas,Salta,1,Sí,
chawasi.salta,https://www.instagram.com/chawasi.salta/,cabañas,Salta,2,Sí,
nuevascabanasdelsol,https://www.instagram.com/nuevascabanasdelsol/,cabañas,Salta,1,,
mirefugio_salta,https://www.instagram.com/mirefugio_salta/,cabañas,Salta,2,,
cabanias_magnolia,https://www.instagram.com/cabanias_magnolia/,cabañas,Salta,2,,
lagloriadedonramiro,https://www.instagram.com/lagloriadedonramiro/,cabañas,Salta,2,,
campoquijanocabanas,https://www.instagram.com/campoquijanocabanas/,cabañas,Salta,2,,
cabanasvilladelsolsalta,https://www.instagram.com/cabanasvilladelsolsalta/,cabañas,Salta,2,,
namaste_magiaenlamontana,https://www.instagram.com/namaste_magiaenlamontana/,cabañas,Salta,1,,
laserena.cabanas,https://www.instagram.com/laserena.cabanas/,cabañas,Salta,1,,
cabanas_las_tunas,https://www.instagram.com/cabanas_las_tunas/,cabañas,Salta,2,,
cabanadelbosque.salta,https://www.instagram.com/cabanadelbosque.salta/,cabañas,Salta,1,,
jacaranda_salta,https://www.instagram.com/jacaranda_salta/,cabañas,Salta,2,,
pukaracafayate,https://www.instagram.com/pukaracafayate/,cabañas,Salta,2,,
esperantosaltahostel,https://www.instagram.com/esperantosaltahostel/,hostel,Salta,3,,
hostelmarilian,https://www.instagram.com/hostelmarilian/,hostel,Salta,4,,
lafelicite.hostel,https://www.instagram.com/lafelicite.hostel/,hostel,Salta,2,,
coya.hostel,https://www.instagram.com/coya.hostel/,hostel,Salta,1,,
prisamata_hostel,https://www.instagram.com/prisamata_hostel/,hostel,Salta,3,,
trotamundoshostelsalta,https://www.instagram.com/trotamundoshostelsalta/,hostel,Salta,2,,
casamontanasalta,https://www.instagram.com/casamontanasalta/,hostel,Salta,1,,
alphahousehostel,https://www.instagram.com/alphahousehostel/,hostel,Salta,2,,
lapachohostelsalta,https://www.instagram.com/lapachohostelsalta/,hostel,Salta,1,,
ferienhaushostelsalta,https://www.instagram.com/ferienhaushostelsalta/,hostel,Salta,3,,
hostalelaljibe_salta,https://www.instagram.com/hostalelaljibe_salta/,hostel,Salta,2,,
lasrejashostel,https://www.instagram.com/lasrejashostel/,hostel,Salta,1,,
hostel.lqueen.salta,https://www.instagram.com/hostel.lqueen.salta/,hostel,Salta,2,,
saltahostel,https://www.instagram.com/saltahostel/,hostel,Salta,1,,
allnortehostel,https://www.instagram.com/allnortehostel/,hostel,Salta,1,,
lastejashostel,https://www.instagram.com/lastejashostel/,hostel,Salta,1,,
backpackerssalta,https://www.instagram.com/backpackerssalta/,hostel,Salta,1,,
grupopachasalta,https://www.instagram.com/grupopachasalta/,hostel,Salta,1,,
casanuestrahostal,https://www.instagram.com/casanuestrahostal/,hostel,Salta,2,,
qawayhostel,https://www.instagram.com/qawayhostel/,hostel,Salta,1,,
glampingsalta,https://www.instagram.com/glampingsalta/,glamping,Salta,4,,
siiluwasirefugio,https://www.instagram.com/siiluwasirefugio/,glamping,Salta,2,,
posadaelpradosalta,https://www.instagram.com/posadaelpradosalta/,posada,Salta,2,,
posadadelmarques.ok,https://www.instagram.com/posadadelmarques.ok/,posada,Salta,2,,
posada_del_santo,https://www.instagram.com/posada_del_santo/,posada,Salta,2,,
posadalasfarolas,https://www.instagram.com/posadalasfarolas/,posada,Salta,2,,
viejaposadacafayate,https://www.instagram.com/viejaposadacafayate/,posada,Salta,2,,
posadapoetas,https://www.instagram.com/posadapoetas/,posada,Salta,2,,
posadadelmilagro,https://www.instagram.com/posadadelmilagro/,posada,Salta,2,,
posadadelcerro.salta,https://www.instagram.com/posadadelcerro.salta/,posada,Salta,2,,
laposadadematias,https://www.instagram.com/laposadadematias/,posada,Salta,2,,
hostalposadasanmiguel,https://www.instagram.com/hostalposadasanmiguel/,posada,Salta,2,,
don.numas,https://www.instagram.com/don.numas/,posada,Salta,2,,
laposada.salta,https://www.instagram.com/laposada.salta/,posada,Salta,2,,
posada_del_angel_salta,https://www.instagram.com/posada_del_angel_salta/,posada,Salta,1,,
cafayatewineresort,https://www.instagram.com/cafayatewineresort/,resort,Salta,2,,
piattelliwineresort,https://www.instagram.com/piattelliwineresort/,resort,Salta,2,,
gracecafayate,https://www.instagram.com/gracecafayate/,resort,Salta,2,,
barilochecabanasdelbosque,https://www.instagram.com/barilochecabanasdelbosque/,cabañas,Bariloche,2,,
cabanaspailahue,https://www.instagram.com/cabanaspailahue/,cabañas,Bariloche,2,,
del.trebol,https://www.instagram.com/del.trebol/,cabañas,Bariloche,2,,
cabanaspuertomorenobrc,https://www.instagram.com/cabanaspuertomorenobrc/,cabañas,Bariloche,2,,
terrazasdelcampanario,https://www.instagram.com/terrazasdelcampanario/,cabañas,Bariloche,2,,
alohabariloche,https://www.instagram.com/alohabariloche/,cabañas,Bariloche,2,,
puerto.serena.bariloche,https://www.instagram.com/puerto.serena.bariloche/,cabañas,Bariloche,2,,
cabaniaslajosefina,https://www.instagram.com/cabaniaslajosefina/,cabañas,Bariloche,2,,
villa_labrador_bariloche,https://www.instagram.com/villa_labrador_bariloche/,cabañas,Bariloche,2,,
huinapatagonia,https://www.instagram.com/huinapatagonia/,cabañas,Bariloche,2,,
patagoniaynieve,https://www.instagram.com/patagoniaynieve/,cabañas,Bariloche,2,,
cumelenbariloche,https://www.instagram.com/cumelenbariloche/,cabañas,Bariloche,2,,
apartsol,https://www.instagram.com/apartsol/,cabañas,Bariloche,2,,
layeya.bariloche,https://www.instagram.com/layeya.bariloche/,cabañas,Bariloche,2,,
puerto.pireo,https://www.instagram.com/puerto.pireo/,cabañas,Bariloche,2,,
clarodelbosquebariloche,https://www.instagram.com/clarodelbosquebariloche/,cabañas,Bariloche,2,,
orilla.del.dragon,https://www.instagram.com/orilla.del.dragon/,cabañas,Bariloche,2,,
cabanasdelamanecer,https://www.instagram.com/cabanasdelamanecer/,cabañas,Bariloche,2,,
vacaciones_en_bariloche,https://www.instagram.com/vacaciones_en_bariloche/,cabañas,Bariloche,2,,
barilochelafarola,https://www.instagram.com/barilochelafarola/,cabañas,Bariloche,2,,
bariloche.caviahue,https://www.instagram.com/bariloche.caviahue/,cabañas,Bariloche,2,,
complejolunadelago,https://www.instagram.com/complejolunadelago/,cabañas,Bariloche,2,,
alihuenbrc,https://www.instagram.com/alihuenbrc/,cabañas,Bariloche,2,,
alquilerhuillin,https://www.instagram.com/alquilerhuillin/,"cabañas, complejo turistico",Bariloche,4,,
cabanascolours,https://www.instagram.com/cabanascolours/,cabañas,Bariloche,1,,
complejo_de_mey,https://www.instagram.com/complejo_de_mey/,cabañas,Bariloche,1,,
losmanzanosbariloche,https://www.instagram.com/losmanzanosbariloche/,cabañas,Bariloche,2,,
4estacionesbrc,https://www.instagram.com/4estacionesbrc/,complejo turistico,Bariloche,2,,
raicespatagonicas_,https://www.instagram.com/raicespatagonicas_/,complejo turistico,Bariloche,2,,
doschimeneas,https://www.instagram.com/doschimeneas/,complejo turistico,Bariloche,2,,
namaste___bariloche,https://www.instagram.com/namaste___bariloche/,complejo turistico,Bariloche,2,,
puertopiedrasblancas,https://www.instagram.com/puertopiedrasblancas/,glamping,Bariloche,1,,
apartquetzal,https://www.instagram.com/apartquetzal/,alquiler turistico,Villa Carlos Paz,1,,
complejolosalamos,https://www.instagram.com/complejolosalamos/,"cabañas, complejo turistico",Villa Carlos Paz,5,,
complejosol,https://www.instagram.com/complejosol/,cabañas,Villa Carlos Paz,2,,
amarelacabanias_carlospaz,https://www.instagram.com/amarelacabanias_carlospaz/,cabañas,Villa Carlos Paz,2,,
elfogondelosamigos.ok,https://www.instagram.com/elfogondelosamigos.ok/,cabañas,Villa Carlos Paz,2,,
cabanasnazareth,https://www.instagram.com/cabanasnazareth/,cabañas,Villa Carlos Paz,2,,
postaldelavillavcp,https://www.instagram.com/postaldelavillavcp/,cabañas,Villa Carlos Paz,2,,
cabanascyc.carlospaz,https://www.instagram.com/cabanascyc.carlospaz/,cabañas,Villa Carlos Paz,2,,
lacomarcacarlospaz,https://www.instagram.com/lacomarcacarlospaz/,cabañas,Villa Carlos Paz,2,,
cw.vacaciones,https://www.instagram.com/cw.vacaciones/,cabañas,Villa Carlos Paz,2,,
paititicarlospaz,https://www.instagram.com/paititicarlospaz/,cabañas,Villa Carlos Paz,2,,
cabanaspiedralago.vcp,https://www.instagram.com/cabanaspiedralago.vcp/,cabañas,Villa Carlos Paz,2,,
cabana_57,https://www.instagram.com/cabana_57/,cabañas,Villa Carlos Paz,2,,
cabanaselretirovcp,https://www.instagram.com/cabanaselretirovcp/,cabañas,Villa Carlos Paz,2,,
complejoaguaribay,https://www.instagram.com/complejoaguaribay/,cabañas,Villa Carlos Paz,2,,
elnogalc,https://www.instagram.com/elnogalc/,cabañas,Villa Carlos Paz,2,,
vistaencantada.cordoba,https://www.instagram.com/vistaencantada.cordoba/,cabañas,Villa Carlos Paz,2,,
coty.ranch_carlospaz,https://www.instagram.com/coty.ranch_carlospaz/,cabañas,Villa Carlos Paz,2,,
complejo.capri,https://www.instagram.com/complejo.capri/,cabañas,Villa Carlos Paz,2,,
laaldea.carlospaz,https://www.instagram.com/laaldea.carlospaz/,cabañas,Villa Carlos Paz,2,,
complejomisueno,https://www.instagram.com/complejomisueno/,cabañas,Villa Carlos Paz,2,,
altosdelavilla,https://www.instagram.com/altosdelavilla/,cabañas,Villa Carlos Paz,1,,
cabanas_lalinda,https://www.instagram.com/cabanas_lalinda/,cabañas,Villa Carlos Paz,1,,
doncarlosvcp,https://www.instagram.com/doncarlosvcp/,cabañas,Villa Carlos Paz,2,,
losaltosapparts,https://www.instagram.com/losaltosapparts/,cabañas,Villa Carlos Paz,2,,
complejo_los_espinillos,https://www.instagram.com/complejo_los_espinillos/,cabañas,Villa Carlos Paz,2,,
alquiler.carlospaz,https://www.instagram.com/alquiler.carlospaz/,cabañas,Villa Carlos Paz,2,,
losnogales.vcp,https://www.instagram.com/losnogales.vcp/,cabañas,Villa Carlos Paz,2,,
cabanaslauquenvcp,https://www.instagram.com/cabanaslauquenvcp/,cabañas,Villa Carlos Paz,2,,
ticamasu,https://www.instagram.com/ticamasu/,cabañas,Villa Carlos Paz,2,,
cabaniasdelavilla,https://www.instagram.com/cabaniasdelavilla/,cabañas,Villa Carlos Paz,1,,
shangrilacomplejo,https://www.instagram.com/shangrilacomplejo/,cabañas,Villa Carlos Paz,1,,
complejo.piedrasnegras,https://www.instagram.com/complejo.piedrasnegras/,cabañas,Villa Carlos Paz,1,,
cabaniascotita,https://www.instagram.com/cabaniascotita/,cabañas,Villa Carlos Paz,2,,
complejopaloblanco,https://www.instagram.com/complejopaloblanco/,complejo turistico,Villa Carlos Paz,2,,
villabeba.vcp,https://www.instagram.com/villabeba.vcp/,complejo turistico,Villa Carlos Paz,2,,
pueblosonadovcp,https://www.instagram.com/pueblosonadovcp/,complejo turistico,Villa Carlos Paz,2,,
turismocordoba_lasjuanitas,https://www.instagram.com/turismocordoba_lasjuanitas/,complejo turistico,Villa Carlos Paz,4,,
complejo.roccatini,https://www.instagram.com/complejo.roccatini/,complejo turistico,Villa Carlos Paz,1,,
moradillo_apart,https://www.instagram.com/moradillo_apart/,complejo turistico,Villa Carlos Paz,2,,
duplexdelsolvcp,https://www.instagram.com/duplexdelsolvcp/,complejo turistico,Villa Carlos Paz,2,,
complejocercadelrio,https://www.instagram.com/complejocercadelrio/,complejo turistico,Villa Carlos Paz,2,,
complejoluluara,https://www.instagram.com/complejoluluara/,complejo turistico,Villa Carlos Paz,1,,
complejounsleben,https://www.instagram.com/complejounsleben/,complejo turistico,Villa Carlos Paz,2,,
tica.nativo,https://www.instagram.com/tica.nativo/,glamping,Villa Carlos Paz,3,,
pinar.camping,https://www.instagram.com/pinar.camping/,glamping,Villa Carlos Paz,1,,
domoschaja,https://www.instagram.com/domoschaja/,glamping,Villa Carlos Paz,1,,
alquilerdepartamentosmendoza,https://www.instagram.com/alquilerdepartamentosmendoza/,alquiler turistico,Mendoza,2,,
alojamiento_centroycordillera,https://www.instagram.com/alojamiento_centroycordillera/,alquiler turistico,Mendoza,2,,
complejoabaurrea,https://www.instagram.com/complejoabaurrea/,alquiler turistico,Mendoza,2,,
adela_temporarios_mza,https://www.instagram.com/adela_temporarios_mza/,alquiler turistico,Mendoza,2,,
posadalosranchos,https://www.instagram.com/posadalosranchos/,alquiler turistico,Mendoza,2,,
alojamientoenloalto,https://www.instagram.com/alojamientoenloalto/,cabañas,Mendoza,1,,
waikiri.potrerillos,https://www.instagram.com/waikiri.potrerillos/,cabañas,Mendoza,1,,
cabanasdelmeson,https://www.instagram.com/cabanasdelmeson/,cabañas,Mendoza,1,,
cabanasrenacerlunlunta,https://www.instagram.com/cabanasrenacerlunlunta/,cabañas,Mendoza,1,,
cabanasdelcerro,https://www.instagram.com/cabanasdelcerro/,cabañas,"Mendoza, San Rafael",3,,
elchallao,https://www.instagram.com/elchallao/,cabañas,Mendoza,1,,
vistacalmapotrerillos,https://www.instagram.com/vistacalmapotrerillos/,cabañas,Mendoza,1,,
hostaldelosandes.mza,https://www.instagram.com/hostaldelosandes.mza/,cabañas,Mendoza,1,,
cabanas.aventurados,https://www.instagram.com/cabanas.aventurados/,cabañas,Mendoza,1,,
cabanassolitudine,https://www.instagram.com/cabanassolitudine/,cabañas,Mendoza,1,,
rincondecacheuta,https://www.instagram.com/rincondecacheuta/,cabañas,Mendoza,1,,
laescondidasanrafael,https://www.instagram.com/laescondidasanrafael/,cabañas,"Mendoza, San Rafael",3,,
cabanasdelsolsr,https://www.instagram.com/cabanasdelsolsr/,cabañas,"Mendoza, San Rafael",3,,
cabanas.potrerillos,https://www.instagram.com/cabanas.potrerillos/,cabañas,Mendoza,1,,
cabanasriomendoza,https://www.instagram.com/cabanasriomendoza/,cabañas,Mendoza,1,,
cabanas_ladominga,https://www.instagram.com/cabanas_ladominga/,cabañas,Mendoza,1,,
aire_de_compuertas,https://www.instagram.com/aire_de_compuertas/,cabañas,Mendoza,1,,
cabanaslosvinedos,https://www.instagram.com/cabanaslosvinedos/,cabañas,Mendoza,1,,
cabanas_leon,https://www.instagram.com/cabanas_leon/,cabañas,Mendoza,1,,
cabanasbalcondelrio,https://www.instagram.com/cabanasbalcondelrio/,cabañas,Mendoza,1,,
cabdelacosta,https://www.instagram.com/cabdelacosta/,cabañas,Mendoza,1,,
mendozasolynieve,https://www.instagram.com/mendozasolynieve/,cabañas,Mendoza,1,,
cabanasdelpasaje,https://www.instagram.com/cabanasdelpasaje/,cabañas,Mendoza,1,,
terralta_campingyminicabanas,https://www.instagram.com/terralta_campingyminicabanas/,cabañas,Mendoza,1,,
cabanaslaureanoaj,https://www.instagram.com/cabanaslaureanoaj/,cabañas,Mendoza,1,,
glamping_mza,https://www.instagram.com/glamping_mza/,"cabañas, glamping",Mendoza,2,,
cerro_encantado,https://www.instagram.com/cerro_encantado/,cabañas,"Mendoza, San Rafael",3,,
elsueno_mendoza,https://www.instagram.com/elsueno_mendoza/,cabañas,Mendoza,2,,
odellavallecitos,https://www.instagram.com/odellavallecitos/,cabañas,Mendoza,2,,
cumelenmendoza,https://www.instagram.com/cumelenmendoza/,cabañas,Mendoza,2,,
cabanassumampa,https://www.instagram.com/cabanassumampa/,cabañas,Mendoza,2,,
cabanas.del.este,https://www.instagram.com/cabanas.del.este/,cabañas,Mendoza,2,,
mendiko_cabanas,https://www.instagram.com/mendiko_cabanas/,cabañas,Mendoza,2,,
cablacosecha,https://www.instagram.com/cablacosecha/,cabañas,Mendoza,2,,
cabanas.la.rustica,https://www.instagram.com/cabanas.la.rustica/,cabañas,Mendoza,2,,
cabanasfalcon,https://www.instagram.com/cabanasfalcon/,cabañas,Mendoza,1,,
lasretamasmza,https://www.instagram.com/lasretamasmza/,cabañas,Mendoza,1,,
domos.uspallata,https://www.instagram.com/domos.uspallata/,"cabañas, glamping",Mendoza,4,,
complejomendoza,https://www.instagram.com/complejomendoza/,complejo turistico,Mendoza,12,,
complejo_cruz.mendoza,https://www.instagram.com/complejo_cruz.mendoza/,complejo turistico,Mendoza,4,,
complejolosmolles,https://www.instagram.com/complejolosmolles/,complejo turistico,Mendoza,2,,
complejoturisticopuelches,https://www.instagram.com/complejoturisticopuelches/,complejo turistico,"Mendoza, San Rafael",4,,
rutadelvinomza,https://www.instagram.com/rutadelvinomza/,complejo turistico,Mendoza,2,,
vista.pedra.glamping,https://www.instagram.com/vista.pedra.glamping/,glamping,Mendoza,2,,
gloriagalvagnoestate,https://www.instagram.com/gloriagalvagnoestate/,glamping,Mendoza,2,,
deer_glamping,https://www.instagram.com/deer_glamping/,glamping,Mendoza,2,,
sabaticoglamping,https://www.instagram.com/sabaticoglamping/,glamping,Mendoza,2,,
terruniodomosmza,https://www.instagram.com/terruniodomosmza/,glamping,Mendoza,2,,
elnidodomos,https://www.instagram.com/elnidodomos/,glamping,Mendoza,2,,
destinosanrafael,https://www.instagram.com/destinosanrafael/,alquiler turistico,San Rafael,2,,
complejocolorina,https://www.instagram.com/complejocolorina/,alquiler turistico,San Rafael,2,,
departamentos_lao_sanrafael,https://www.instagram.com/departamentos_lao_sanrafael/,alquiler turistico,San Rafael,2,,
buenastierrascabanas,https://www.instagram.com/buenastierrascabanas/,"alquiler turistico, cabañas",San Rafael,4,,
departamento_hilario,https://www.instagram.com/departamento_hilario/,alquiler turistico,San Rafael,1,,
airesdemar.mdz,https://www.instagram.com/airesdemar.mdz/,alquiler turistico,San Rafael,1,,
finca_el_colibri,https://www.instagram.com/finca_el_colibri/,alquiler turistico,San Rafael,2,,
cab.lasescondidas,https://www.instagram.com/cab.lasescondidas/,cabañas,San Rafael,2,,
lavitaebellacabanas,https://www.instagram.com/lavitaebellacabanas/,"cabañas, complejo turistico",San Rafael,4,,
complejovientoandino,https://www.instagram.com/complejovientoandino/,cabañas,San Rafael,2,,
aldea_encantada,https://www.instagram.com/aldea_encantada/,cabañas,San Rafael,2,,
riosoniado,https://www.instagram.com/riosoniado/,cabañas,San Rafael,2,,
cabanaslafincamultiespacio,https://www.instagram.com/cabanaslafincamultiespacio/,"cabañas, complejo turistico",San Rafael,4,,
cabanascalderon,https://www.instagram.com/cabanascalderon/,cabañas,San Rafael,2,,
bosquedivino1,https://www.instagram.com/bosquedivino1/,cabañas,San Rafael,2,,
elparaiso_delvalle,https://www.instagram.com/elparaiso_delvalle/,cabañas,San Rafael,2,,
lafaustina_sanrafael,https://www.instagram.com/lafaustina_sanrafael/,cabañas,San Rafael,2,,
cabanas_lasmarias,https://www.instagram.com/cabanas_lasmarias/,cabañas,San Rafael,2,,
complejorincondelsur,https://www.instagram.com/complejorincondelsur/,cabañas,San Rafael,2,,
cabanas_san_rafael,https://www.instagram.com/cabanas_san_rafael/,cabañas,San Rafael,2,,
villasantaclaradelatuel,https://www.instagram.com/villasantaclaradelatuel/,cabañas,San Rafael,2,,
sanjosedelatuel,https://www.instagram.com/sanjosedelatuel/,cabañas,San Rafael,2,,
rioazulvallegrande,https://www.instagram.com/rioazulvallegrande/,cabañas,San Rafael,2,,
cabanaselvalle,https://www.instagram.com/cabanaselvalle/,cabañas,San Rafael,2,,
cabaniassanrafael,https://www.instagram.com/cabaniassanrafael/,cabañas,San Rafael,2,,
cabanas_del_sur,https://www.instagram.com/cabanas_del_sur/,cabañas,San Rafael,2,,
cabanas_la_horqueta,https://www.instagram.com/cabanas_la_horqueta/,cabañas,San Rafael,2,,
posadasdelangelvallegrande,https://www.instagram.com/posadasdelangelvallegrande/,cabañas,San Rafael,1,,
suenosdelvalle_,https://www.instagram.com/suenosdelvalle_/,cabañas,San Rafael,1,,
loschalecitosok,https://www.instagram.com/loschalecitosok/,cabañas,San Rafael,2,,
araucaria.resort,https://www.instagram.com/araucaria.resort/,cabañas,San Rafael,2,,
cabanasalamoblanco_sanrafael,https://www.instagram.com/cabanasalamoblanco_sanrafael/,cabañas,San Rafael,2,,
elitasanrafael,https://www.instagram.com/elitasanrafael/,cabañas,San Rafael,1,,
villadelujan.sr,https://www.instagram.com/villadelujan.sr/,"cabañas, complejo turistico",San Rafael,3,,
complejo_mariaflorales,https://www.instagram.com/complejo_mariaflorales/,"cabañas, complejo turistico",San Rafael,3,,
cabanasdelmontanes,https://www.instagram.com/cabanasdelmontanes/,cabañas,San Rafael,2,,
complejosanrafael_,https://www.instagram.com/complejosanrafael_/,cabañas,San Rafael,2,,
complejoturistico.sanrafael,https://www.instagram.com/complejoturistico.sanrafael/,complejo turistico,San Rafael,2,,
abraham_complejo_turistico,https://www.instagram.com/abraham_complejo_turistico/,complejo turistico,San Rafael,2,,
complejo_derqui,https://www.instagram.com/complejo_derqui/,complejo turistico,San Rafael,1,,
lasvelascomplejo,https://www.instagram.com/lasvelascomplejo/,complejo turistico,San Rafael,2,,
complejocableatierra,https://www.instagram.com/complejocableatierra/,complejo turistico,San Rafael,2,,
suenosdeestacion,https://www.instagram.com/suenosdeestacion/,complejo turistico,San Rafael,2,,
complejo_lasmargaritas,https://www.instagram.com/complejo_lasmargaritas/,complejo turistico,San Rafael,2,,
glampingsanrafael_lacumbre,https://www.instagram.com/glampingsanrafael_lacumbre/,glamping,San Rafael,2,,
casapiedrasanrafael,https://www.instagram.com/casapiedrasanrafael/,glamping,San Rafael,2,,
more_glamping1,https://www.instagram.com/more_glamping1/,glamping,San Rafael,2,,
al_aire_libre_san_rafael,https://www.instagram.com/al_aire_libre_san_rafael/,glamping,San Rafael,2,,
glamping_san_martin,https://www.instagram.com/glamping_san_martin/,glamping,San Rafael,1,,
glamping_yamay,https://www.instagram.com/glamping_yamay/,glamping,San Rafael,1,,
departamentos_mardelplata,https://www.instagram.com/departamentos_mardelplata/,alquiler turistico,Mar del Plata,2,,
lacasademarcia,https://www.instagram.com/lacasademarcia/,alquiler turistico,Mar del Plata,2,,
rosehousemdq,https://www.instagram.com/rosehousemdq/,alquiler turistico,Mar del Plata,2,,
los_sanavirones,https://www.instagram.com/los_sanavirones/,"alquiler turistico, cabañas",Mar del Plata,4,,
alquiler_mdq_mardelplata,https://www.instagram.com/alquiler_mdq_mardelplata/,alquiler turistico,Mar del Plata,1,,
vistapanoramica.mdp,https://www.instagram.com/vistapanoramica.mdp/,alquiler turistico,Mar del Plata,1,,
vamosamardelplata,https://www.instagram.com/vamosamardelplata/,alquiler turistico,Mar del Plata,1,,
palmeras_delsur,https://www.instagram.com/palmeras_delsur/,alquiler turistico,Mar del Plata,2,,
alojamientosmare,https://www.instagram.com/alojamientosmare/,alquiler turistico,Mar del Plata,2,,
cabanias_delmar,https://www.instagram.com/cabanias_delmar/,cabañas,Mar del Plata,2,,
solymar.mdq,https://www.instagram.com/solymar.mdq/,cabañas,Mar del Plata,2,,
cabanaslassirenas,https://www.instagram.com/cabanaslassirenas/,cabañas,Mar del Plata,2,,
rincondeluna.bosque,https://www.instagram.com/rincondeluna.bosque/,cabañas,Mar del Plata,2,,
cabana_costaazul_acantilados,https://www.instagram.com/cabana_costaazul_acantilados/,cabañas,Mar del Plata,2,,
lostroncosmdp,https://www.instagram.com/lostroncosmdp/,cabañas,Mar del Plata,2,,
airefrescomdq,https://www.instagram.com/airefrescomdq/,cabañas,Mar del Plata,2,,
bosquesdelmarmdp,https://www.instagram.com/bosquesdelmarmdp/,cabañas,Mar del Plata,2,,
cabanasreybosque_mdq,https://www.instagram.com/cabanasreybosque_mdq/,cabañas,Mar del Plata,2,,
cabanasalpinamdp,https://www.instagram.com/cabanasalpinamdp/,cabañas,Mar del Plata,2,,
colinasdelmar,https://www.instagram.com/colinasdelmar/,cabañas,Mar del Plata,2,,
cabanasdelgordo,https://www.instagram.com/cabanasdelgordo/,cabañas,Mar del Plata,2,,
laponderosa.mar.del.plata,https://www.instagram.com/laponderosa.mar.del.plata/,cabañas,Mar del Plata,2,,
sausalito.cabanas,https://www.instagram.com/sausalito.cabanas/,cabañas,Mar del Plata,2,,
bosqueelocio,https://www.instagram.com/bosqueelocio/,cabañas,Mar del Plata,2,,
quaramar_mdp,https://www.instagram.com/quaramar_mdp/,complejo turistico,Mar del Plata,1,,
glamping_mdq,https://www.instagram.com/glamping_mdq/,glamping,Mar del Plata,1,,
complejoelgriego,https://www.instagram.com/complejoelgriego/,glamping,Mar del Plata,2,,
seczacrecim,https://www.instagram.com/seczacrecim/,glamping,Mar del Plata,1,,
tainys_del_mar,https://www.instagram.com/tainys_del_mar/,glamping,Mar del Plata,1,,
glamping.south,https://www.instagram.com/glamping.south/,glamping,Mar del Plata,1,,
laviella.glamp,https://www.instagram.com/laviella.glamp/,glamping,Mar del Plata,2,,
posadadelcerro.salta,https://www.instagram.com/posadadelcerro.salta/,posada,Salta,2,,
laposadadematias,https://www.instagram.com/laposadadematias/,posada,Salta,2,,
hostalposadasanmiguel,https://www.instagram.com/hostalposadasanmiguel/,posada,Salta,2,,
don.numas,https://www.instagram.com/don.numas/,posada,Salta,2,,
laposada.salta,https://www.instagram.com/laposada.salta/,posada,Salta,2,,
posada_del_angel_salta,https://www.instagram.com/posada_del_angel_salta/,posada,Salta,1,,
hotelposadadelsolsal,https://www.instagram.com/hotelposadadelsolsal/,posada,Salta,1,,
cafayatewineresort,https://www.instagram.com/cafayatewineresort/,resort,Salta,2,,
piattelliwineresort,https://www.instagram.com/piattelliwineresort/,resort,Salta,2,,
gracecafayate,https://www.instagram.com/gracecafayate/,resort,Salta,2,,